,County Code,Year,target_state,State,County,Population,Total Deaths By Overdose
2,4003.0,2003.0,1,AZ,Cochise County,120638.0,11.0
5,4005.0,2003.0,1,AZ,Coconino County,122882.0,11.0
12,4013.0,2003.0,1,AZ,Maricopa County,3328468.0,368.0
18,4015.0,2003.0,1,AZ,Mohave County,172633.0,11.0
23,4019.0,2003.0,1,AZ,Pima County,885893.0,159.0
27,4021.0,2003.0,1,AZ,Pinal County,207920.0,18.0
31,4025.0,2003.0,1,AZ,Yavapai County,182090.0,15.0
36,8001.0,2003.0,1,CO,Adams County,377464.0,42.0
41,8005.0,2003.0,1,CO,Arapahoe County,513690.0,45.0
48,8013.0,2003.0,1,CO,Boulder County,278768.0,20.0
60,8031.0,2003.0,1,CO,Denver County,552588.0,107.0
68,8041.0,2003.0,1,CO,El Paso County,547549.0,53.0
78,8059.0,2003.0,1,CO,Jefferson County,524940.0,50.0
87,8069.0,2003.0,1,CO,Larimer County,268448.0,23.0
106,8101.0,2003.0,1,CO,Pueblo County,147907.0,10.0
118,8123.0,2003.0,1,CO,Weld County,208858.0,11.0
167,20091.0,2003.0,1,KS,Johnson County,485689.0,28.0
211,20173.0,2003.0,1,KS,Sedgwick County,462442.0,46.0
233,22001.0,2003.0,1,LA,Acadia Parish,59194.0,11.0
236,22005.0,2003.0,1,LA,Ascension Parish,83967.0,11.0
242,22015.0,2003.0,1,LA,Bossier Parish,103088.0,16.0
245,22017.0,2003.0,1,LA,Caddo Parish,248346.0,22.0
248,22019.0,2003.0,1,LA,Calcasieu Parish,184701.0,25.0
257,22033.0,2003.0,1,LA,East Baton Rouge Parish,412553.0,22.0
268,22051.0,2003.0,1,LA,Jefferson Parish,454533.0,86.0
272,22055.0,2003.0,1,LA,Lafayette Parish,196710.0,24.0
276,22063.0,2003.0,1,LA,Livingston Parish,102146.0,23.0
281,22071.0,2003.0,1,LA,Orleans Parish,492187.0,16.0
293,22087.0,2003.0,1,LA,St. Bernard Parish,69621.0,29.0
299,22097.0,2003.0,1,LA,St. Landry Parish,85034.0,10.0
303,22103.0,2003.0,1,LA,St. Tammany Parish,205708.0,40.0
308,22109.0,2003.0,1,LA,Terrebonne Parish,106257.0,19.0
341,28045.0,2003.0,1,MS,Hancock County,45772.0,11.0
343,28047.0,2003.0,1,MS,Harrison County,191290.0,29.0
351,28059.0,2003.0,1,MS,Jackson County,134234.0,23.0
418,40027.0,2003.0,1,OK,Cleveland County,221714.0,15.0
461,40109.0,2003.0,1,OK,Oklahoma County,674571.0,75.0
481,40143.0,2003.0,1,OK,Tulsa County,568406.0,100.0
505,48029.0,2003.0,1,TX,Bexar County,1469623.0,109.0
513,48039.0,2003.0,1,TX,Brazoria County,261269.0,13.0
539,48085.0,2003.0,1,TX,Collin County,589394.0,26.0
544,48091.0,2003.0,1,TX,Comal County,84837.0,10.0
556,48113.0,2003.0,1,TX,Dallas County,2246432.0,181.0
565,48121.0,2003.0,1,TX,Denton County,509732.0,18.0
574,48135.0,2003.0,1,TX,Ector County,122739.0,15.0
578,48141.0,2003.0,1,TX,El Paso County,705200.0,52.0
588,48157.0,2003.0,1,TX,Fort Bend County,418747.0,11.0
594,48167.0,2003.0,1,TX,Galveston County,265269.0,27.0
612,48201.0,2003.0,1,TX,Harris County,3586133.0,313.0
640,48245.0,2003.0,1,TX,Jefferson County,250183.0,16.0
667,48303.0,2003.0,1,TX,Lubbock County,253388.0,14.0
688,48339.0,2003.0,1,TX,Montgomery County,341499.0,57.0
699,48355.0,2003.0,1,TX,Nueces County,317632.0,37.0
704,48361.0,2003.0,1,TX,Orange County,83553.0,17.0
708,48367.0,2003.0,1,TX,Parker County,97041.0,13.0
747,48439.0,2003.0,1,TX,Tarrant County,1553086.0,140.0
753,48441.0,2003.0,1,TX,Taylor County,125542.0,15.0
759,48451.0,2003.0,1,TX,Tom Green County,104330.0,12.0
761,48453.0,2003.0,1,TX,Travis County,856315.0,79.0
778,48479.0,2003.0,1,TX,Webb County,211786.0,10.0
782,48485.0,2003.0,1,TX,Wichita County,130411.0,16.0
786,48491.0,2003.0,1,TX,Williamson County,302895.0,11.0
798,53005.0,2003.0,1,WA,Benton County,153596.0,10.0
804,53011.0,2003.0,1,WA,Clark County,374098.0,40.0
820,53033.0,2003.0,1,WA,King County,1763440.0,190.0
826,53035.0,2003.0,1,WA,Kitsap County,239758.0,23.0
840,53053.0,2003.0,1,WA,Pierce County,733969.0,87.0
845,53057.0,2003.0,1,WA,Skagit County,107369.0,12.0
849,53061.0,2003.0,1,WA,Snohomish County,635612.0,76.0
853,53063.0,2003.0,1,WA,Spokane County,430710.0,74.0
858,53067.0,2003.0,1,WA,Thurston County,219499.0,17.0
863,53073.0,2003.0,1,WA,Whatcom County,177851.0,14.0
867,53077.0,2003.0,1,WA,Yakima County,225161.0,10.0
883,55025.0,2003.0,1,WI,Dane County,447515.0,24.0
915,55079.0,2003.0,1,WI,Milwaukee County,939513.0,140.0
931,55101.0,2003.0,1,WI,Racine County,190845.0,13.0
951,55133.0,2003.0,1,WI,Waukesha County,373787.0,17.0
970,4013.0,2004.0,1,AZ,Maricopa County,3417860.0,417.0
976,4015.0,2004.0,1,AZ,Mohave County,180521.0,10.0
979,4017.0,2004.0,1,AZ,Navajo County,102774.0,12.0
982,4019.0,2004.0,1,AZ,Pima County,901342.0,155.0
987,4021.0,2004.0,1,AZ,Pinal County,219472.0,17.0
991,4025.0,2004.0,1,AZ,Yavapai County,187822.0,48.0
998,8001.0,2004.0,1,CO,Adams County,384809.0,46.0
1003,8005.0,2004.0,1,CO,Arapahoe County,518971.0,65.0
1010,8013.0,2004.0,1,CO,Boulder County,279728.0,20.0
1022,8031.0,2004.0,1,CO,Denver County,550756.0,111.0
1030,8041.0,2004.0,1,CO,El Paso County,556667.0,60.0
1042,8059.0,2004.0,1,CO,Jefferson County,520900.0,40.0
1050,8069.0,2004.0,1,CO,Larimer County,271510.0,28.0
1128,20091.0,2004.0,1,KS,Johnson County,495396.0,25.0
1172,20173.0,2004.0,1,KS,Sedgwick County,464021.0,50.0
1176,20177.0,2004.0,1,KS,Shawnee County,171378.0,13.0
1193,20209.0,2004.0,1,KS,Wyandotte County,154874.0,16.0
1203,22017.0,2004.0,1,LA,Caddo Parish,249157.0,37.0
1207,22019.0,2004.0,1,LA,Calcasieu Parish,185593.0,18.0
1216,22033.0,2004.0,1,LA,East Baton Rouge Parish,414162.0,17.0
1226,22051.0,2004.0,1,LA,Jefferson Parish,456602.0,88.0
1230,22055.0,2004.0,1,LA,Lafayette Parish,199338.0,25.0
1232,22057.0,2004.0,1,LA,Lafourche Parish,92580.0,10.0
1235,22063.0,2004.0,1,LA,Livingston Parish,106048.0,16.0
1240,22071.0,2004.0,1,LA,Orleans Parish,493765.0,17.0
1251,22087.0,2004.0,1,LA,St. Bernard Parish,70547.0,17.0
1253,22089.0,2004.0,1,LA,St. Charles Parish,49939.0,12.0
1261,22103.0,2004.0,1,LA,St. Tammany Parish,211405.0,44.0
1263,22105.0,2004.0,1,LA,Tangipahoa Parish,105335.0,17.0
1266,22109.0,2004.0,1,LA,Terrebonne Parish,106783.0,17.0
1299,28045.0,2004.0,1,MS,Hancock County,46717.0,13.0
1301,28047.0,2004.0,1,MS,Harrison County,195971.0,29.0
1309,28059.0,2004.0,1,MS,Jackson County,136565.0,25.0
1319,28075.0,2004.0,1,MS,Lauderdale County,78055.0,10.0
1337,28109.0,2004.0,1,MS,Pearl River County,50624.0,11.0
1374,40017.0,2004.0,1,OK,Canadian County,96101.0,10.0
1380,40027.0,2004.0,1,OK,Cleveland County,225447.0,10.0
1387,40037.0,2004.0,1,OK,Creek County,67843.0,15.0
1395,40051.0,2004.0,1,OK,Grady County,48167.0,10.0
1421,40101.0,2004.0,1,OK,Muskogee County,69592.0,14.0
1426,40109.0,2004.0,1,OK,Oklahoma County,677742.0,89.0
1447,40143.0,2004.0,1,OK,Tulsa County,566140.0,99.0
1456,48001.0,2004.0,1,TX,Anderson County,56245.0,11.0
1472,48029.0,2004.0,1,TX,Bexar County,1500919.0,127.0
1481,48039.0,2004.0,1,TX,Brazoria County,268051.0,19.0
1495,48061.0,2004.0,1,TX,Cameron County,366299.0,16.0
1509,48085.0,2004.0,1,TX,Collin County,617802.0,40.0
1526,48113.0,2004.0,1,TX,Dallas County,2244020.0,186.0
1535,48121.0,2004.0,1,TX,Denton County,529811.0,18.0
1543,48135.0,2004.0,1,TX,Ector County,124163.0,11.0
1547,48141.0,2004.0,1,TX,El Paso County,717652.0,26.0
1563,48167.0,2004.0,1,TX,Galveston County,269760.0,29.0
1581,48201.0,2004.0,1,TX,Harris County,3630185.0,355.0
1593,48215.0,2004.0,1,TX,Hidalgo County,653779.0,11.0
1610,48245.0,2004.0,1,TX,Jefferson County,250638.0,17.0
1637,48303.0,2004.0,1,TX,Lubbock County,255669.0,17.0
1642,48309.0,2004.0,1,TX,McLennan County,221353.0,11.0
1659,48339.0,2004.0,1,TX,Montgomery County,357607.0,28.0
1669,48355.0,2004.0,1,TX,Nueces County,321879.0,29.0
1675,48361.0,2004.0,1,TX,Orange County,83580.0,18.0
1679,48367.0,2004.0,1,TX,Parker County,99320.0,10.0
1709,48423.0,2004.0,1,TX,Smith County,187300.0,15.0
1718,48439.0,2004.0,1,TX,Tarrant County,1580595.0,121.0
1722,48441.0,2004.0,1,TX,Taylor County,126702.0,10.0
1729,48453.0,2004.0,1,TX,Travis County,870809.0,91.0
1745,48479.0,2004.0,1,TX,Webb County,217858.0,10.0
1749,48485.0,2004.0,1,TX,Wichita County,131677.0,12.0
1754,48491.0,2004.0,1,TX,Williamson County,316532.0,12.0
1767,53005.0,2004.0,1,WA,Benton County,155689.0,12.0
1771,53009.0,2004.0,1,WA,Clallam County,67411.0,11.0
1774,53011.0,2004.0,1,WA,Clark County,384931.0,27.0
1778,53015.0,2004.0,1,WA,Cowlitz County,95541.0,17.0
1785,53025.0,2004.0,1,WA,Grant County,78734.0,14.0
1788,53027.0,2004.0,1,WA,Grays Harbor County,69775.0,17.0
1794,53033.0,2004.0,1,WA,King County,1775297.0,234.0
1800,53035.0,2004.0,1,WA,Kitsap County,241960.0,16.0
1812,53053.0,2004.0,1,WA,Pierce County,740137.0,72.0
1817,53057.0,2004.0,1,WA,Skagit County,109030.0,13.0
1821,53061.0,2004.0,1,WA,Snohomish County,643533.0,100.0
1825,53063.0,2004.0,1,WA,Spokane County,435268.0,78.0
1830,53067.0,2004.0,1,WA,Thurston County,222985.0,20.0
1835,53073.0,2004.0,1,WA,Whatcom County,181756.0,12.0
1839,53077.0,2004.0,1,WA,Yakima County,227280.0,19.0
1847,55009.0,2004.0,1,WI,Brown County,236654.0,11.0
1857,55025.0,2004.0,1,WI,Dane County,453327.0,39.0
1878,55059.0,2004.0,1,WI,Kenosha County,157968.0,12.0
1892,55079.0,2004.0,1,WI,Milwaukee County,936914.0,156.0
1907,55101.0,2004.0,1,WI,Racine County,191808.0,13.0
1911,55133.0,2004.0,1,WI,Waukesha County,376243.0,10.0
1916,55139.0,2004.0,1,WI,Winnebago County,160130.0,12.0
1921,4003.0,2005.0,1,AZ,Cochise County,125786.0,10.0
1931,4013.0,2005.0,1,AZ,Maricopa County,3538988.0,464.0
1937,4015.0,2005.0,1,AZ,Mohave County,188773.0,24.0
1943,4019.0,2005.0,1,AZ,Pima County,920298.0,173.0
1948,4021.0,2005.0,1,AZ,Pinal County,235708.0,15.0
1952,4025.0,2005.0,1,AZ,Yavapai County,195424.0,15.0
1955,4027.0,2005.0,1,AZ,Yuma County,178816.0,14.0
1957,8001.0,2005.0,1,CO,Adams County,395146.0,63.0
1962,8005.0,2005.0,1,CO,Arapahoe County,524466.0,54.0
1969,8013.0,2005.0,1,CO,Boulder County,280241.0,26.0
1981,8031.0,2005.0,1,CO,Denver County,551691.0,140.0
1987,8035.0,2005.0,1,CO,Douglas County,243112.0,11.0
1991,8041.0,2005.0,1,CO,El Paso County,565800.0,83.0
2002,8059.0,2005.0,1,CO,Jefferson County,519675.0,28.0
2009,8069.0,2005.0,1,CO,Larimer County,275116.0,12.0
2027,8101.0,2005.0,1,CO,Pueblo County,149825.0,21.0
2088,20091.0,2005.0,1,KS,Johnson County,504441.0,22.0
2131,20173.0,2005.0,1,KS,Sedgwick County,467113.0,83.0
2136,20177.0,2005.0,1,KS,Shawnee County,171893.0,11.0
2154,20209.0,2005.0,1,KS,Wyandotte County,154356.0,10.0
2157,22001.0,2005.0,1,LA,Acadia Parish,59524.0,23.0
2160,22005.0,2005.0,1,LA,Ascension Parish,89741.0,10.0
2166,22015.0,2005.0,1,LA,Bossier Parish,107477.0,17.0
2169,22017.0,2005.0,1,LA,Caddo Parish,249593.0,25.0
2172,22019.0,2005.0,1,LA,Calcasieu Parish,186417.0,47.0
2181,22033.0,2005.0,1,LA,East Baton Rouge Parish,413812.0,18.0
2192,22051.0,2005.0,1,LA,Jefferson Parish,456554.0,99.0
2196,22055.0,2005.0,1,LA,Lafayette Parish,202053.0,23.0
2201,22063.0,2005.0,1,LA,Livingston Parish,109208.0,26.0
2206,22071.0,2005.0,1,LA,Orleans Parish,494294.0,22.0
2210,22073.0,2005.0,1,LA,Ouachita Parish,149476.0,14.0
2219,22087.0,2005.0,1,LA,St. Bernard Parish,71300.0,16.0
2225,22097.0,2005.0,1,LA,St. Landry Parish,83952.0,23.0
2229,22103.0,2005.0,1,LA,St. Tammany Parish,217358.0,55.0
2231,22105.0,2005.0,1,LA,Tangipahoa Parish,106987.0,31.0
2234,22109.0,2005.0,1,LA,Terrebonne Parish,107811.0,17.0
2267,28045.0,2005.0,1,MS,Hancock County,47715.0,14.0
2269,28047.0,2005.0,1,MS,Harrison County,197784.0,32.0
2278,28059.0,2005.0,1,MS,Jackson County,137913.0,30.0
2304,28109.0,2005.0,1,MS,Pearl River County,50990.0,14.0
2347,40027.0,2005.0,1,OK,Cleveland County,229743.0,15.0
2390,40109.0,2005.0,1,OK,Oklahoma County,683299.0,73.0
2412,40143.0,2005.0,1,OK,Tulsa County,568199.0,123.0
2417,40145.0,2005.0,1,OK,Wagoner County,64165.0,11.0
2436,48027.0,2005.0,1,TX,Bell County,266017.0,10.0
2438,48029.0,2005.0,1,TX,Bexar County,1529270.0,166.0
2446,48039.0,2005.0,1,TX,Brazoria County,274336.0,31.0
2459,48061.0,2005.0,1,TX,Cameron County,373429.0,19.0
2473,48085.0,2005.0,1,TX,Collin County,647187.0,32.0
2488,48113.0,2005.0,1,TX,Dallas County,2250830.0,228.0
2497,48121.0,2005.0,1,TX,Denton County,553669.0,32.0
2506,48135.0,2005.0,1,TX,Ector County,125378.0,12.0
2510,48141.0,2005.0,1,TX,El Paso County,728095.0,40.0
2520,48157.0,2005.0,1,TX,Fort Bend County,462953.0,13.0
2527,48167.0,2005.0,1,TX,Galveston County,274806.0,44.0
2536,48183.0,2005.0,1,TX,Gregg County,115402.0,13.0
2545,48199.0,2005.0,1,TX,Hardin County,51141.0,10.0
2547,48201.0,2005.0,1,TX,Harris County,3681829.0,330.0
2575,48245.0,2005.0,1,TX,Jefferson County,250849.0,25.0
2603,48303.0,2005.0,1,TX,Lubbock County,257779.0,22.0
2608,48309.0,2005.0,1,TX,McLennan County,222794.0,10.0
2619,48329.0,2005.0,1,TX,Midland County,122516.0,11.0
2626,48339.0,2005.0,1,TX,Montgomery County,372541.0,41.0
2636,48355.0,2005.0,1,TX,Nueces County,325515.0,37.0
2642,48361.0,2005.0,1,TX,Orange County,83500.0,19.0
2682,48439.0,2005.0,1,TX,Tarrant County,1612048.0,109.0
2687,48441.0,2005.0,1,TX,Taylor County,127248.0,11.0
2694,48453.0,2005.0,1,TX,Travis County,891266.0,84.0
2710,48479.0,2005.0,1,TX,Webb County,223703.0,13.0
2715,48485.0,2005.0,1,TX,Wichita County,130767.0,15.0
2720,48491.0,2005.0,1,TX,Williamson County,332169.0,14.0
2733,53005.0,2005.0,1,WA,Benton County,157726.0,13.0
2737,53009.0,2005.0,1,WA,Clallam County,68720.0,10.0
2739,53011.0,2005.0,1,WA,Clark County,394277.0,40.0
2744,53015.0,2005.0,1,WA,Cowlitz County,96536.0,24.0
2751,53025.0,2005.0,1,WA,Grant County,79531.0,13.0
2757,53033.0,2005.0,1,WA,King County,1795268.0,226.0
2762,53035.0,2005.0,1,WA,Kitsap County,239806.0,16.0
2767,53041.0,2005.0,1,WA,Lewis County,72060.0,13.0
2774,53053.0,2005.0,1,WA,Pierce County,748148.0,85.0
2779,53057.0,2005.0,1,WA,Skagit County,110683.0,15.0
2783,53061.0,2005.0,1,WA,Snohomish County,654849.0,94.0
2787,53063.0,2005.0,1,WA,Spokane County,440439.0,91.0
2792,53067.0,2005.0,1,WA,Thurston County,227023.0,23.0
2797,53073.0,2005.0,1,WA,Whatcom County,185450.0,16.0
2801,53077.0,2005.0,1,WA,Yakima County,228570.0,11.0
2822,55059.0,2005.0,1,WI,Kenosha County,160088.0,22.0
2835,55079.0,2005.0,1,WI,Milwaukee County,932540.0,164.0
2837,55101.0,2005.0,1,WI,Racine County,193251.0,10.0
2841,55105.0,2005.0,1,WI,Rock County,156761.0,18.0
2857,55133.0,2005.0,1,WI,Waukesha County,378885.0,23.0
2866,4003.0,2006.0,1,AZ,Cochise County,127241.0,13.0
2875,4013.0,2006.0,1,AZ,Maricopa County,3642884.0,538.0
2881,4015.0,2006.0,1,AZ,Mohave County,196168.0,15.0
2884,4017.0,2006.0,1,AZ,Navajo County,105624.0,10.0
2887,4019.0,2006.0,1,AZ,Pima County,940930.0,190.0
2892,4021.0,2006.0,1,AZ,Pinal County,271328.0,17.0
2896,4025.0,2006.0,1,AZ,Yavapai County,204082.0,17.0
2899,4027.0,2006.0,1,AZ,Yuma County,183848.0,10.0
2902,8001.0,2006.0,1,CO,Adams County,406575.0,62.0
2907,8005.0,2006.0,1,CO,Arapahoe County,531619.0,66.0
2914,8013.0,2006.0,1,CO,Boulder County,284243.0,40.0
2927,8031.0,2006.0,1,CO,Denver County,556895.0,144.0
2933,8035.0,2006.0,1,CO,Douglas County,256136.0,19.0
2937,8041.0,2006.0,1,CO,El Paso County,580251.0,68.0
2951,8059.0,2006.0,1,CO,Jefferson County,521662.0,22.0
2959,8069.0,2006.0,1,CO,Larimer County,280713.0,35.0
2978,8101.0,2006.0,1,CO,Pueblo County,152026.0,25.0
3039,20091.0,2006.0,1,KS,Johnson County,514813.0,23.0
3082,20173.0,2006.0,1,KS,Sedgwick County,471659.0,60.0
3086,20177.0,2006.0,1,KS,Shawnee County,172986.0,13.0
3105,22001.0,2006.0,1,LA,Acadia Parish,60522.0,19.0
3113,22015.0,2006.0,1,LA,Bossier Parish,110606.0,10.0
3115,22017.0,2006.0,1,LA,Caddo Parish,252740.0,28.0
3118,22019.0,2006.0,1,LA,Calcasieu Parish,185350.0,54.0
3128,22033.0,2006.0,1,LA,East Baton Rouge Parish,433474.0,34.0
3139,22051.0,2006.0,1,LA,Jefferson Parish,426285.0,115.0
3143,22055.0,2006.0,1,LA,Lafayette Parish,209424.0,35.0
3148,22063.0,2006.0,1,LA,Livingston Parish,115722.0,25.0
3153,22071.0,2006.0,1,LA,Orleans Parish,230172.0,32.0
3157,22073.0,2006.0,1,LA,Ouachita Parish,151183.0,16.0
3166,22089.0,2006.0,1,LA,St. Charles Parish,52453.0,11.0
3171,22097.0,2006.0,1,LA,St. Landry Parish,85128.0,22.0
3175,22103.0,2006.0,1,LA,St. Tammany Parish,223133.0,64.0
3178,22105.0,2006.0,1,LA,Tangipahoa Parish,114102.0,24.0
3181,22109.0,2006.0,1,LA,Terrebonne Parish,109994.0,20.0
3208,28033.0,2006.0,1,MS,DeSoto County,145220.0,11.0
3215,28045.0,2006.0,1,MS,Hancock County,40087.0,19.0
3217,28047.0,2006.0,1,MS,Harrison County,174449.0,42.0
3220,28049.0,2006.0,1,MS,Hinds County,248989.0,10.0
3227,28059.0,2006.0,1,MS,Jackson County,132717.0,37.0
3254,28109.0,2006.0,1,MS,Pearl River County,55153.0,21.0
3294,40021.0,2006.0,1,OK,Cherokee County,45517.0,12.0
3298,40027.0,2006.0,1,OK,Cleveland County,237257.0,25.0
3305,40037.0,2006.0,1,OK,Creek County,67791.0,18.0
3342,40109.0,2006.0,1,OK,Oklahoma County,690153.0,96.0
3354,40125.0,2006.0,1,OK,Pottawatomie County,67696.0,15.0
3364,40143.0,2006.0,1,OK,Tulsa County,575014.0,113.0
3369,40145.0,2006.0,1,OK,Wagoner County,66345.0,13.0
3375,48001.0,2006.0,1,TX,Anderson County,57386.0,10.0
3379,48007.0,2006.0,1,TX,Aransas County,23395.0,10.0
3390,48027.0,2006.0,1,TX,Bell County,273771.0,10.0
3392,48029.0,2006.0,1,TX,Bexar County,1573935.0,160.0
3400,48039.0,2006.0,1,TX,Brazoria County,284248.0,27.0
3426,48085.0,2006.0,1,TX,Collin County,683935.0,24.0
3431,48091.0,2006.0,1,TX,Comal County,95637.0,15.0
3443,48113.0,2006.0,1,TX,Dallas County,2275434.0,222.0
3452,48121.0,2006.0,1,TX,Denton County,584561.0,25.0
3461,48135.0,2006.0,1,TX,Ector County,127476.0,22.0
3466,48141.0,2006.0,1,TX,El Paso County,744795.0,70.0
3477,48157.0,2006.0,1,TX,Fort Bend County,490916.0,18.0
3484,48167.0,2006.0,1,TX,Galveston County,279182.0,49.0
3492,48181.0,2006.0,1,TX,Grayson County,117174.0,11.0
3496,48187.0,2006.0,1,TX,Guadalupe County,111878.0,10.0
3504,48201.0,2006.0,1,TX,Harris County,3807435.0,394.0
3515,48215.0,2006.0,1,TX,Hidalgo County,695352.0,10.0
3532,48245.0,2006.0,1,TX,Jefferson County,245962.0,51.0
3536,48251.0,2006.0,1,TX,Johnson County,142501.0,10.0
3555,48291.0,2006.0,1,TX,Liberty County,74269.0,12.0
3561,48303.0,2006.0,1,TX,Lubbock County,261761.0,18.0
3566,48309.0,2006.0,1,TX,McLennan County,224452.0,15.0
3577,48329.0,2006.0,1,TX,Midland County,125844.0,11.0
3584,48339.0,2006.0,1,TX,Montgomery County,392497.0,73.0
3594,48355.0,2006.0,1,TX,Nueces County,329113.0,48.0
3600,48361.0,2006.0,1,TX,Orange County,81687.0,34.0
3607,48373.0,2006.0,1,TX,Polk County,45495.0,13.0
3634,48423.0,2006.0,1,TX,Smith County,196124.0,23.0
3643,48439.0,2006.0,1,TX,Tarrant County,1662005.0,106.0
3654,48451.0,2006.0,1,TX,Tom Green County,106125.0,10.0
3656,48453.0,2006.0,1,TX,Travis County,925151.0,99.0
3676,48485.0,2006.0,1,TX,Wichita County,131376.0,19.0
3681,48491.0,2006.0,1,TX,Williamson County,351970.0,23.0
3694,53005.0,2006.0,1,WA,Benton County,159564.0,16.0
3698,53009.0,2006.0,1,WA,Clallam County,69642.0,15.0
3700,53011.0,2006.0,1,WA,Clark County,401698.0,48.0
3705,53015.0,2006.0,1,WA,Cowlitz County,99162.0,20.0
3712,53025.0,2006.0,1,WA,Grant County,81036.0,11.0
3719,53033.0,2006.0,1,WA,King County,1822967.0,259.0
3725,53035.0,2006.0,1,WA,Kitsap County,245054.0,14.0
3738,53053.0,2006.0,1,WA,Pierce County,763408.0,68.0
3742,53057.0,2006.0,1,WA,Skagit County,112621.0,16.0
3746,53061.0,2006.0,1,WA,Snohomish County,670706.0,97.0
3750,53063.0,2006.0,1,WA,Spokane County,447517.0,99.0
3754,53065.0,2006.0,1,WA,Stevens County,42366.0,13.0
3756,53067.0,2006.0,1,WA,Thurston County,232688.0,20.0
3761,53073.0,2006.0,1,WA,Whatcom County,188926.0,22.0
3765,53077.0,2006.0,1,WA,Yakima County,230617.0,12.0
3776,55025.0,2006.0,1,WI,Dane County,465018.0,45.0
3796,55059.0,2006.0,1,WI,Kenosha County,161607.0,24.0
3810,55079.0,2006.0,1,WI,Milwaukee County,930263.0,190.0
3831,55133.0,2006.0,1,WI,Waukesha County,380799.0,18.0
3836,55139.0,2006.0,1,WI,Winnebago County,162727.0,11.0
3842,4003.0,2007.0,1,AZ,Cochise County,128206.0,13.0
3846,4007.0,2007.0,1,AZ,Gila County,53252.0,10.0
3851,4013.0,2007.0,1,AZ,Maricopa County,3711954.0,574.0
3858,4015.0,2007.0,1,AZ,Mohave County,199760.0,19.0
3861,4017.0,2007.0,1,AZ,Navajo County,106927.0,15.0
3864,4019.0,2007.0,1,AZ,Pima County,955869.0,156.0
3868,4021.0,2007.0,1,AZ,Pinal County,306174.0,34.0
3872,4025.0,2007.0,1,AZ,Yavapai County,208773.0,30.0
3876,4027.0,2007.0,1,AZ,Yuma County,187357.0,17.0
3879,8001.0,2007.0,1,CO,Adams County,415746.0,70.0
3884,8005.0,2007.0,1,CO,Arapahoe County,542039.0,88.0
3891,8013.0,2007.0,1,CO,Boulder County,287428.0,33.0
3903,8031.0,2007.0,1,CO,Denver County,564395.0,148.0
3910,8035.0,2007.0,1,CO,Douglas County,267177.0,11.0
3914,8041.0,2007.0,1,CO,El Paso County,586783.0,74.0
3924,8059.0,2007.0,1,CO,Jefferson County,524911.0,70.0
3933,8069.0,2007.0,1,CO,Larimer County,286112.0,30.0
3951,8101.0,2007.0,1,CO,Pueblo County,155121.0,11.0
3963,8123.0,2007.0,1,CO,Weld County,237692.0,21.0
4012,20091.0,2007.0,1,KS,Johnson County,523879.0,37.0
4056,20173.0,2007.0,1,KS,Sedgwick County,478479.0,51.0
4077,20209.0,2007.0,1,KS,Wyandotte County,154267.0,14.0
4079,22001.0,2007.0,1,LA,Acadia Parish,60762.0,19.0
4082,22005.0,2007.0,1,LA,Ascension Parish,100132.0,11.0
4088,22015.0,2007.0,1,LA,Bossier Parish,112048.0,18.0
4090,22017.0,2007.0,1,LA,Caddo Parish,251760.0,32.0
4093,22019.0,2007.0,1,LA,Calcasieu Parish,187081.0,53.0
4101,22033.0,2007.0,1,LA,East Baton Rouge Parish,433344.0,34.0
4111,22051.0,2007.0,1,LA,Jefferson Parish,432683.0,117.0
4115,22055.0,2007.0,1,LA,Lafayette Parish,211826.0,31.0
4118,22057.0,2007.0,1,LA,Lafourche Parish,94745.0,12.0
4121,22063.0,2007.0,1,LA,Livingston Parish,119528.0,25.0
4126,22071.0,2007.0,1,LA,Orleans Parish,268751.0,46.0
4130,22073.0,2007.0,1,LA,Ouachita Parish,151157.0,18.0
4140,22089.0,2007.0,1,LA,St. Charles Parish,52765.0,11.0
4145,22097.0,2007.0,1,LA,St. Landry Parish,84710.0,14.0
4149,22103.0,2007.0,1,LA,St. Tammany Parish,226294.0,63.0
4152,22105.0,2007.0,1,LA,Tangipahoa Parish,116792.0,27.0
4155,22109.0,2007.0,1,LA,Terrebonne Parish,110656.0,16.0
4160,22117.0,2007.0,1,LA,Washington Parish,46376.0,15.0
4189,28045.0,2007.0,1,MS,Hancock County,41707.0,12.0
4191,28047.0,2007.0,1,MS,Harrison County,179054.0,30.0
4199,28059.0,2007.0,1,MS,Jackson County,136028.0,42.0
4225,28109.0,2007.0,1,MS,Pearl River County,56053.0,12.0
4232,28121.0,2007.0,1,MS,Rankin County,136694.0,16.0
4264,40017.0,2007.0,1,OK,Canadian County,106804.0,10.0
4271,40027.0,2007.0,1,OK,Cleveland County,241409.0,24.0
4275,40031.0,2007.0,1,OK,Comanche County,119534.0,15.0
4279,40037.0,2007.0,1,OK,Creek County,68292.0,14.0
4312,40101.0,2007.0,1,OK,Muskogee County,70119.0,12.0
4317,40109.0,2007.0,1,OK,Oklahoma County,695706.0,130.0
4328,40125.0,2007.0,1,OK,Pottawatomie County,68698.0,12.0
4338,40143.0,2007.0,1,OK,Tulsa County,582094.0,138.0
4342,40145.0,2007.0,1,OK,Wagoner County,68677.0,17.0
4361,48027.0,2007.0,1,TX,Bell County,287752.0,10.0
4364,48029.0,2007.0,1,TX,Bexar County,1615210.0,104.0
4370,48039.0,2007.0,1,TX,Brazoria County,293296.0,22.0
4383,48061.0,2007.0,1,TX,Cameron County,386306.0,11.0
4397,48085.0,2007.0,1,TX,Collin County,714330.0,23.0
4413,48113.0,2007.0,1,TX,Dallas County,2291891.0,225.0
4423,48121.0,2007.0,1,TX,Denton County,609001.0,32.0
4432,48135.0,2007.0,1,TX,Ector County,130459.0,21.0
4437,48141.0,2007.0,1,TX,El Paso County,755578.0,48.0
4447,48157.0,2007.0,1,TX,Fort Bend County,516564.0,19.0
4454,48167.0,2007.0,1,TX,Galveston County,283770.0,49.0
4472,48201.0,2007.0,1,TX,Harris County,3863344.0,493.0
4484,48215.0,2007.0,1,TX,Hidalgo County,715264.0,19.0
4501,48245.0,2007.0,1,TX,Jefferson County,247629.0,27.0
4523,48291.0,2007.0,1,TX,Liberty County,74515.0,20.0
4529,48303.0,2007.0,1,TX,Lubbock County,265215.0,15.0
4534,48309.0,2007.0,1,TX,McLennan County,226741.0,12.0
4546,48329.0,2007.0,1,TX,Midland County,128954.0,12.0
4553,48339.0,2007.0,1,TX,Montgomery County,411416.0,58.0
4563,48355.0,2007.0,1,TX,Nueces County,330512.0,37.0
4568,48361.0,2007.0,1,TX,Orange County,82255.0,21.0
4593,48409.0,2007.0,1,TX,San Patricio County,66723.0,12.0
4601,48423.0,2007.0,1,TX,Smith County,199953.0,18.0
4609,48439.0,2007.0,1,TX,Tarrant County,1707157.0,142.0
4613,48441.0,2007.0,1,TX,Taylor County,128503.0,10.0
4621,48453.0,2007.0,1,TX,Travis County,955399.0,95.0
4638,48479.0,2007.0,1,TX,Webb County,234594.0,17.0
4643,48485.0,2007.0,1,TX,Wichita County,130564.0,13.0
4648,48491.0,2007.0,1,TX,Williamson County,373723.0,17.0
4661,53005.0,2007.0,1,WA,Benton County,161669.0,17.0
4665,53009.0,2007.0,1,WA,Clallam County,70186.0,19.0
4667,53011.0,2007.0,1,WA,Clark County,408820.0,55.0
4672,53015.0,2007.0,1,WA,Cowlitz County,100744.0,15.0
4679,53025.0,2007.0,1,WA,Grant County,82645.0,11.0
4687,53033.0,2007.0,1,WA,King County,1847986.0,258.0
4693,53035.0,2007.0,1,WA,Kitsap County,244105.0,23.0
4698,53041.0,2007.0,1,WA,Lewis County,74229.0,12.0
4705,53053.0,2007.0,1,WA,Pierce County,772484.0,125.0
4711,53057.0,2007.0,1,WA,Skagit County,114066.0,12.0
4718,53077.0,2007.0,1,WA,Yakima County,232733.0,24.0
4725,55009.0,2007.0,1,WI,Brown County,242691.0,10.0
4735,55025.0,2007.0,1,WI,Dane County,471644.0,34.0
4755,55079.0,2007.0,1,WI,Milwaukee County,931453.0,185.0
4769,55101.0,2007.0,1,WI,Racine County,194395.0,17.0
4773,55105.0,2007.0,1,WI,Rock County,159912.0,22.0
4790,4003.0,2008.0,1,AZ,Cochise County,129023.0,12.0
4793,4005.0,2008.0,1,AZ,Coconino County,131853.0,10.0
4801,4013.0,2008.0,1,AZ,Maricopa County,3771061.0,526.0
4808,4015.0,2008.0,1,AZ,Mohave County,200078.0,26.0
4813,4019.0,2008.0,1,AZ,Pima County,967778.0,116.0
4817,4021.0,2008.0,1,AZ,Pinal County,335311.0,23.0
4821,4025.0,2008.0,1,AZ,Yavapai County,211211.0,32.0
4827,8001.0,2008.0,1,CO,Adams County,424913.0,50.0
4831,8005.0,2008.0,1,CO,Arapahoe County,552461.0,90.0
4838,8013.0,2008.0,1,CO,Boulder County,290859.0,33.0
4850,8031.0,2008.0,1,CO,Denver County,575721.0,170.0
4861,8041.0,2008.0,1,CO,El Paso County,597919.0,88.0
4872,8059.0,2008.0,1,CO,Jefferson County,529003.0,62.0
4880,8069.0,2008.0,1,CO,Larimer County,291650.0,32.0
4886,8077.0,2008.0,1,CO,Mesa County,143155.0,10.0
4899,8101.0,2008.0,1,CO,Pueblo County,156748.0,15.0
4911,8123.0,2008.0,1,CO,Weld County,243442.0,15.0
4959,20091.0,2008.0,1,KS,Johnson County,532175.0,25.0
5003,20173.0,2008.0,1,KS,Sedgwick County,486077.0,48.0
5007,20177.0,2008.0,1,KS,Shawnee County,175449.0,14.0
5025,20209.0,2008.0,1,KS,Wyandotte County,155092.0,15.0
5030,22005.0,2008.0,1,LA,Ascension Parish,102891.0,12.0
5036,22015.0,2008.0,1,LA,Bossier Parish,113824.0,16.0
5038,22017.0,2008.0,1,LA,Caddo Parish,251953.0,17.0
5041,22019.0,2008.0,1,LA,Calcasieu Parish,188928.0,21.0
5049,22033.0,2008.0,1,LA,East Baton Rouge Parish,433723.0,30.0
5059,22051.0,2008.0,1,LA,Jefferson Parish,431759.0,81.0
5063,22055.0,2008.0,1,LA,Lafayette Parish,215139.0,25.0
5067,22063.0,2008.0,1,LA,Livingston Parish,123962.0,32.0
5072,22071.0,2008.0,1,LA,Orleans Parish,301842.0,50.0
5075,22073.0,2008.0,1,LA,Ouachita Parish,151727.0,18.0
5083,22087.0,2008.0,1,LA,St. Bernard Parish,28879.0,13.0
5089,22097.0,2008.0,1,LA,St. Landry Parish,84427.0,16.0
5092,22101.0,2008.0,1,LA,St. Mary Parish,54352.0,11.0
5094,22103.0,2008.0,1,LA,St. Tammany Parish,229252.0,51.0
5096,22105.0,2008.0,1,LA,Tangipahoa Parish,118621.0,21.0
5100,22109.0,2008.0,1,LA,Terrebonne Parish,111453.0,14.0
5127,28033.0,2008.0,1,MS,DeSoto County,156214.0,14.0
5134,28045.0,2008.0,1,MS,Hancock County,42764.0,10.0
5136,28047.0,2008.0,1,MS,Harrison County,182735.0,29.0
5145,28059.0,2008.0,1,MS,Jackson County,137791.0,24.0
5172,28109.0,2008.0,1,MS,Pearl River County,56538.0,15.0
5179,28121.0,2008.0,1,MS,Rankin County,139136.0,14.0
5216,40027.0,2008.0,1,OK,Cleveland County,246790.0,30.0
5224,40037.0,2008.0,1,OK,Creek County,68817.0,17.0
5258,40101.0,2008.0,1,OK,Muskogee County,70050.0,16.0
5263,40109.0,2008.0,1,OK,Oklahoma County,701484.0,101.0
5275,40125.0,2008.0,1,OK,Pottawatomie County,68752.0,11.0
5279,40131.0,2008.0,1,OK,Rogers County,85390.0,11.0
5286,40143.0,2008.0,1,OK,Tulsa County,588510.0,116.0
5295,48001.0,2008.0,1,TX,Anderson County,57963.0,10.0
5310,48029.0,2008.0,1,TX,Bexar County,1651709.0,157.0
5317,48039.0,2008.0,1,TX,Brazoria County,301336.0,24.0
5319,48041.0,2008.0,1,TX,Brazos County,185098.0,10.0
5330,48061.0,2008.0,1,TX,Cameron County,393000.0,15.0
5344,48085.0,2008.0,1,TX,Collin County,741264.0,34.0
5353,48097.0,2008.0,1,TX,Cooke County,38223.0,10.0
5362,48113.0,2008.0,1,TX,Dallas County,2314018.0,184.0
5371,48121.0,2008.0,1,TX,Denton County,630104.0,39.0
5380,48135.0,2008.0,1,TX,Ector County,133064.0,13.0
5385,48141.0,2008.0,1,TX,El Paso County,769930.0,60.0
5396,48157.0,2008.0,1,TX,Fort Bend County,542957.0,13.0
5402,48167.0,2008.0,1,TX,Galveston County,288643.0,37.0
5421,48201.0,2008.0,1,TX,Harris County,3938580.0,284.0
5431,48209.0,2008.0,1,TX,Hays County,147674.0,11.0
5435,48213.0,2008.0,1,TX,Henderson County,78033.0,10.0
5437,48215.0,2008.0,1,TX,Hidalgo County,736694.0,20.0
5447,48231.0,2008.0,1,TX,Hunt County,84447.0,13.0
5455,48245.0,2008.0,1,TX,Jefferson County,249430.0,37.0
5460,48251.0,2008.0,1,TX,Johnson County,148635.0,13.0
5464,48257.0,2008.0,1,TX,Kaufman County,99285.0,10.0
5480,48291.0,2008.0,1,TX,Liberty County,74915.0,13.0
5486,48303.0,2008.0,1,TX,Lubbock County,268197.0,18.0
5501,48329.0,2008.0,1,TX,Midland County,132502.0,15.0
5508,48339.0,2008.0,1,TX,Montgomery County,429818.0,51.0
5518,48355.0,2008.0,1,TX,Nueces County,333526.0,40.0
5523,48361.0,2008.0,1,TX,Orange County,82612.0,20.0
5527,48367.0,2008.0,1,TX,Parker County,112911.0,10.0
5532,48375.0,2008.0,1,TX,Potter County,119740.0,10.0
5557,48423.0,2008.0,1,TX,Smith County,203263.0,19.0
5566,48439.0,2008.0,1,TX,Tarrant County,1745602.0,128.0
5571,48441.0,2008.0,1,TX,Taylor County,128903.0,13.0
5579,48453.0,2008.0,1,TX,Travis County,980699.0,78.0
5595,48479.0,2008.0,1,TX,Webb County,240287.0,20.0
5600,48485.0,2008.0,1,TX,Wichita County,130340.0,29.0
5605,48491.0,2008.0,1,TX,Williamson County,395437.0,18.0
5617,53005.0,2008.0,1,WA,Benton County,166573.0,10.0
5622,53009.0,2008.0,1,WA,Clallam County,70769.0,17.0
5625,53011.0,2008.0,1,WA,Clark County,415282.0,61.0
5630,53015.0,2008.0,1,WA,Cowlitz County,101688.0,20.0
5637,53025.0,2008.0,1,WA,Grant County,84944.0,11.0
5640,53027.0,2008.0,1,WA,Grays Harbor County,72027.0,12.0
5645,53033.0,2008.0,1,WA,King County,1875020.0,245.0
5651,53053.0,2008.0,1,WA,Pierce County,785400.0,129.0
5656,53057.0,2008.0,1,WA,Skagit County,115808.0,10.0
5660,53061.0,2008.0,1,WA,Snohomish County,694622.0,109.0
5663,53063.0,2008.0,1,WA,Spokane County,462263.0,126.0
5667,53065.0,2008.0,1,WA,Stevens County,43398.0,11.0
5669,53067.0,2008.0,1,WA,Thurston County,244332.0,19.0
5674,53073.0,2008.0,1,WA,Whatcom County,196708.0,17.0
5678,53077.0,2008.0,1,WA,Yakima County,235272.0,10.0
5685,55009.0,2008.0,1,WI,Brown County,244016.0,11.0
5700,55059.0,2008.0,1,WI,Kenosha County,164636.0,26.0
5714,55079.0,2008.0,1,WI,Milwaukee County,934752.0,177.0
5734,55133.0,2008.0,1,WI,Waukesha County,386691.0,26.0
5739,55139.0,2008.0,1,WI,Winnebago County,164910.0,13.0
5746,4003.0,2009.0,1,AZ,Cochise County,130081.0,14.0
5756,4013.0,2009.0,1,AZ,Maricopa County,3803779.0,566.0
5763,4015.0,2009.0,1,AZ,Mohave County,199696.0,51.0
5767,4017.0,2009.0,1,AZ,Navajo County,107571.0,17.0
5770,4019.0,2009.0,1,AZ,Pima County,975580.0,173.0
5774,4021.0,2009.0,1,AZ,Pinal County,349830.0,43.0
5779,4025.0,2009.0,1,AZ,Yavapai County,211172.0,39.0
5783,4027.0,2009.0,1,AZ,Yuma County,193714.0,19.0
5785,8001.0,2009.0,1,CO,Adams County,435700.0,67.0
5790,8005.0,2009.0,1,CO,Arapahoe County,563161.0,90.0
5797,8013.0,2009.0,1,CO,Boulder County,293190.0,44.0
5810,8031.0,2009.0,1,CO,Denver County,589011.0,160.0
5816,8035.0,2009.0,1,CO,Douglas County,281386.0,20.0
5820,8041.0,2009.0,1,CO,El Paso County,608061.0,80.0
5831,8059.0,2009.0,1,CO,Jefferson County,531961.0,44.0
5839,8069.0,2009.0,1,CO,Larimer County,296696.0,30.0
5845,8077.0,2009.0,1,CO,Mesa County,147851.0,14.0
5859,8101.0,2009.0,1,CO,Pueblo County,157846.0,14.0
5871,8123.0,2009.0,1,CO,Weld County,248193.0,18.0
5920,20091.0,2009.0,1,KS,Johnson County,539396.0,37.0
5964,20173.0,2009.0,1,KS,Sedgwick County,495006.0,67.0
5970,20177.0,2009.0,1,KS,Shawnee County,176786.0,24.0
5988,20209.0,2009.0,1,KS,Wyandotte County,156416.0,12.0
5990,22001.0,2009.0,1,LA,Acadia Parish,61451.0,11.0
5993,22005.0,2009.0,1,LA,Ascension Parish,105172.0,13.0
5999,22015.0,2009.0,1,LA,Bossier Parish,115187.0,12.0
6001,22017.0,2009.0,1,LA,Caddo Parish,253245.0,24.0
6004,22019.0,2009.0,1,LA,Calcasieu Parish,191080.0,27.0
6012,22033.0,2009.0,1,LA,East Baton Rouge Parish,437623.0,29.0
6022,22051.0,2009.0,1,LA,Jefferson Parish,431921.0,71.0
6026,22055.0,2009.0,1,LA,Lafayette Parish,219466.0,26.0
6030,22063.0,2009.0,1,LA,Livingston Parish,126230.0,26.0
6035,22071.0,2009.0,1,LA,Orleans Parish,327803.0,45.0
6038,22073.0,2009.0,1,LA,Ouachita Parish,153058.0,18.0
6055,22101.0,2009.0,1,LA,St. Mary Parish,54551.0,12.0
6057,22103.0,2009.0,1,LA,St. Tammany Parish,231224.0,36.0
6060,22105.0,2009.0,1,LA,Tangipahoa Parish,120009.0,20.0
6063,22109.0,2009.0,1,LA,Terrebonne Parish,111689.0,12.0
6096,28045.0,2009.0,1,MS,Hancock County,43471.0,12.0
6098,28047.0,2009.0,1,MS,Harrison County,184930.0,30.0
6106,28059.0,2009.0,1,MS,Jackson County,139176.0,42.0
6138,28121.0,2009.0,1,MS,Rankin County,140634.0,14.0
6170,40019.0,2009.0,1,OK,Carter County,47421.0,11.0
6172,40021.0,2009.0,1,OK,Cherokee County,46492.0,11.0
6176,40027.0,2009.0,1,OK,Cleveland County,251803.0,37.0
6184,40037.0,2009.0,1,OK,Creek County,69535.0,16.0
6192,40051.0,2009.0,1,OK,Grady County,52231.0,13.0
6207,40079.0,2009.0,1,OK,Le Flore County,49989.0,10.0
6213,40089.0,2009.0,1,OK,McCurtain County,33002.0,10.0
6220,40101.0,2009.0,1,OK,Muskogee County,70677.0,15.0
6225,40109.0,2009.0,1,OK,Oklahoma County,711595.0,108.0
6233,40119.0,2009.0,1,OK,Payne County,76859.0,10.0
6235,40121.0,2009.0,1,OK,Pittsburg County,45887.0,13.0
6237,40123.0,2009.0,1,OK,Pontotoc County,37283.0,14.0
6239,40125.0,2009.0,1,OK,Pottawatomie County,69002.0,20.0
6243,40131.0,2009.0,1,OK,Rogers County,86577.0,11.0
6246,40135.0,2009.0,1,OK,Sequoyah County,42208.0,15.0
6251,40143.0,2009.0,1,OK,Tulsa County,597748.0,133.0
6254,40145.0,2009.0,1,OK,Wagoner County,72143.0,14.0
6273,48027.0,2009.0,1,TX,Bell County,301050.0,11.0
6275,48029.0,2009.0,1,TX,Bexar County,1685628.0,197.0
6282,48039.0,2009.0,1,TX,Brazoria County,309236.0,37.0
6295,48061.0,2009.0,1,TX,Cameron County,400303.0,18.0
6309,48085.0,2009.0,1,TX,Collin County,765791.0,55.0
6328,48113.0,2009.0,1,TX,Dallas County,2346378.0,216.0
6335,48121.0,2009.0,1,TX,Denton County,649702.0,37.0
6344,48135.0,2009.0,1,TX,Ector County,136930.0,13.0
6349,48141.0,2009.0,1,TX,El Paso County,786759.0,55.0
6359,48157.0,2009.0,1,TX,Fort Bend County,569130.0,25.0
6366,48167.0,2009.0,1,TX,Galveston County,287428.0,34.0
6375,48181.0,2009.0,1,TX,Grayson County,120069.0,17.0
6378,48183.0,2009.0,1,TX,Gregg County,121238.0,13.0
6381,48187.0,2009.0,1,TX,Guadalupe County,128265.0,11.0
6388,48199.0,2009.0,1,TX,Hardin County,54228.0,11.0
6390,48201.0,2009.0,1,TX,Harris County,4034866.0,408.0
6404,48215.0,2009.0,1,TX,Hidalgo County,757468.0,18.0
6421,48245.0,2009.0,1,TX,Jefferson County,251332.0,30.0
6443,48291.0,2009.0,1,TX,Liberty County,75041.0,16.0
6449,48303.0,2009.0,1,TX,Lubbock County,274252.0,18.0
6453,48309.0,2009.0,1,TX,McLennan County,231679.0,12.0
6469,48339.0,2009.0,1,TX,Montgomery County,445836.0,54.0
6479,48355.0,2009.0,1,TX,Nueces County,338220.0,53.0
6483,48361.0,2009.0,1,TX,Orange County,81586.0,29.0
6487,48367.0,2009.0,1,TX,Parker County,115802.0,20.0
6491,48373.0,2009.0,1,TX,Polk County,45537.0,11.0
6517,48423.0,2009.0,1,TX,Smith County,207111.0,27.0
6527,48439.0,2009.0,1,TX,Tarrant County,1784078.0,149.0
6532,48441.0,2009.0,1,TX,Taylor County,130247.0,12.0
6538,48451.0,2009.0,1,TX,Tom Green County,108879.0,10.0
6540,48453.0,2009.0,1,TX,Travis County,1006503.0,115.0
6551,48469.0,2009.0,1,TX,Victoria County,86635.0,10.0
6557,48479.0,2009.0,1,TX,Webb County,245908.0,28.0
6562,48485.0,2009.0,1,TX,Wichita County,130913.0,26.0
6567,48491.0,2009.0,1,TX,Williamson County,410800.0,34.0
6581,53005.0,2009.0,1,WA,Benton County,171122.0,17.0
6585,53009.0,2009.0,1,WA,Clallam County,71077.0,13.0
6588,53011.0,2009.0,1,WA,Clark County,421236.0,59.0
6593,53015.0,2009.0,1,WA,Cowlitz County,102126.0,18.0
6600,53025.0,2009.0,1,WA,Grant County,87340.0,17.0
6603,53027.0,2009.0,1,WA,Grays Harbor County,72468.0,16.0
6607,53033.0,2009.0,1,WA,King County,1912012.0,231.0
6610,53053.0,2009.0,1,WA,Pierce County,796483.0,102.0
6615,53057.0,2009.0,1,WA,Skagit County,116557.0,20.0
6619,53061.0,2009.0,1,WA,Snohomish County,706302.0,125.0
6623,53063.0,2009.0,1,WA,Spokane County,468235.0,74.0
6627,53067.0,2009.0,1,WA,Thurston County,249936.0,28.0
6633,53073.0,2009.0,1,WA,Whatcom County,199865.0,18.0
6637,53077.0,2009.0,1,WA,Yakima County,239604.0,17.0
6644,55009.0,2009.0,1,WI,Brown County,246476.0,16.0
6654,55025.0,2009.0,1,WI,Dane County,484979.0,49.0
6658,55027.0,2009.0,1,WI,Dodge County,88677.0,10.0
6661,55059.0,2009.0,1,WI,Kenosha County,165502.0,13.0
6676,55079.0,2009.0,1,WI,Milwaukee County,942668.0,167.0
6693,55127.0,2009.0,1,WI,Walworth County,102077.0,15.0
6698,55133.0,2009.0,1,WI,Waukesha County,388957.0,25.0
6703,55139.0,2009.0,1,WI,Winnebago County,166429.0,13.0
6710,4003.0,2010.0,1,AZ,Cochise County,131822.0,20.0
6713,4005.0,2010.0,1,AZ,Coconino County,134612.0,12.0
6722,4013.0,2010.0,1,AZ,Maricopa County,3825110.0,609.0
6729,4015.0,2010.0,1,AZ,Mohave County,200314.0,67.0
6733,4017.0,2010.0,1,AZ,Navajo County,107697.0,13.0
6736,4019.0,2010.0,1,AZ,Pima County,981620.0,204.0
6742,4021.0,2010.0,1,AZ,Pinal County,379094.0,45.0
6747,4025.0,2010.0,1,AZ,Yavapai County,210983.0,33.0
6750,4027.0,2010.0,1,AZ,Yuma County,197127.0,22.0
6753,8001.0,2010.0,1,CO,Adams County,443691.0,53.0
6757,8005.0,2010.0,1,CO,Arapahoe County,574747.0,78.0
6764,8013.0,2010.0,1,CO,Boulder County,295037.0,16.0
6776,8031.0,2010.0,1,CO,Denver County,603359.0,121.0
6782,8035.0,2010.0,1,CO,Douglas County,286977.0,14.0
6787,8041.0,2010.0,1,CO,El Paso County,627031.0,77.0
6797,8059.0,2010.0,1,CO,Jefferson County,535548.0,55.0
6806,8069.0,2010.0,1,CO,Larimer County,300441.0,32.0
6812,8077.0,2010.0,1,CO,Mesa County,146259.0,11.0
6825,8101.0,2010.0,1,CO,Pueblo County,159390.0,22.0
6838,8123.0,2010.0,1,CO,Weld County,254207.0,18.0
6887,20091.0,2010.0,1,KS,Johnson County,545655.0,34.0
6932,20173.0,2010.0,1,KS,Sedgwick County,499128.0,40.0
6936,20177.0,2010.0,1,KS,Shawnee County,178360.0,19.0
6954,20209.0,2010.0,1,KS,Wyandotte County,157633.0,16.0
6956,22001.0,2010.0,1,LA,Acadia Parish,61877.0,13.0
6964,22015.0,2010.0,1,LA,Bossier Parish,117675.0,12.0
6966,22017.0,2010.0,1,LA,Caddo Parish,255590.0,20.0
6969,22019.0,2010.0,1,LA,Calcasieu Parish,193026.0,19.0
6978,22033.0,2010.0,1,LA,East Baton Rouge Parish,440912.0,31.0
6989,22051.0,2010.0,1,LA,Jefferson Parish,432610.0,58.0
6993,22055.0,2010.0,1,LA,Lafayette Parish,222315.0,30.0
6995,22057.0,2010.0,1,LA,Lafourche Parish,96745.0,19.0
6998,22063.0,2010.0,1,LA,Livingston Parish,128337.0,35.0
7003,22071.0,2010.0,1,LA,Orleans Parish,347772.0,17.0
7006,22073.0,2010.0,1,LA,Ouachita Parish,153969.0,12.0
7011,22079.0,2010.0,1,LA,Rapides Parish,131760.0,10.0
7021,22095.0,2010.0,1,LA,St. John the Baptist Parish,45591.0,10.0
7026,22103.0,2010.0,1,LA,St. Tammany Parish,234544.0,42.0
7029,22105.0,2010.0,1,LA,Tangipahoa Parish,121485.0,29.0
7032,22109.0,2010.0,1,LA,Terrebonne Parish,111506.0,22.0
7059,28033.0,2010.0,1,MS,DeSoto County,161778.0,13.0
7067,28047.0,2010.0,1,MS,Harrison County,187859.0,30.0
7076,28059.0,2010.0,1,MS,Jackson County,139469.0,41.0
7102,28109.0,2010.0,1,MS,Pearl River County,55693.0,12.0
7109,28121.0,2010.0,1,MS,Rankin County,142515.0,25.0
7140,40017.0,2010.0,1,OK,Canadian County,116361.0,12.0
7143,40019.0,2010.0,1,OK,Carter County,47813.0,11.0
7148,40027.0,2010.0,1,OK,Cleveland County,257085.0,31.0
7152,40031.0,2010.0,1,OK,Comanche County,125397.0,13.0
7157,40037.0,2010.0,1,OK,Creek County,70248.0,16.0
7188,40097.0,2010.0,1,OK,Mayes County,41314.0,11.0
7191,40101.0,2010.0,1,OK,Muskogee County,71129.0,16.0
7196,40109.0,2010.0,1,OK,Oklahoma County,720762.0,153.0
7211,40131.0,2010.0,1,OK,Rogers County,87017.0,10.0
7214,40135.0,2010.0,1,OK,Sequoyah County,42509.0,11.0
7219,40143.0,2010.0,1,OK,Tulsa County,604973.0,140.0
7223,40145.0,2010.0,1,OK,Wagoner County,73426.0,20.0
7242,48027.0,2010.0,1,TX,Bell County,312849.0,22.0
7245,48029.0,2010.0,1,TX,Bexar County,1722838.0,186.0
7252,48039.0,2010.0,1,TX,Brazoria County,314428.0,24.0
7255,48041.0,2010.0,1,TX,Brazos County,195666.0,11.0
7266,48061.0,2010.0,1,TX,Cameron County,407630.0,13.0
7280,48085.0,2010.0,1,TX,Collin County,787614.0,53.0
7286,48091.0,2010.0,1,TX,Comal County,109306.0,18.0
7298,48113.0,2010.0,1,TX,Dallas County,2372993.0,213.0
7307,48121.0,2010.0,1,TX,Denton County,666760.0,43.0
7316,48135.0,2010.0,1,TX,Ector County,137075.0,15.0
7320,48139.0,2010.0,1,TX,Ellis County,150367.0,10.0
7322,48141.0,2010.0,1,TX,El Paso County,803576.0,46.0
7332,48157.0,2010.0,1,TX,Fort Bend County,590253.0,32.0
7339,48167.0,2010.0,1,TX,Galveston County,292484.0,48.0
7347,48181.0,2010.0,1,TX,Grayson County,121034.0,14.0
7353,48187.0,2010.0,1,TX,Guadalupe County,132587.0,11.0
7360,48199.0,2010.0,1,TX,Hardin County,54784.0,11.0
7362,48201.0,2010.0,1,TX,Harris County,4107666.0,445.0
7370,48209.0,2010.0,1,TX,Hays County,158214.0,16.0
7374,48213.0,2010.0,1,TX,Henderson County,78665.0,10.0
7376,48215.0,2010.0,1,TX,Hidalgo County,779149.0,14.0
7382,48223.0,2010.0,1,TX,Hopkins County,35208.0,10.0
7394,48245.0,2010.0,1,TX,Jefferson County,252455.0,34.0
7399,48251.0,2010.0,1,TX,Johnson County,151264.0,11.0
7417,48291.0,2010.0,1,TX,Liberty County,75859.0,12.0
7423,48303.0,2010.0,1,TX,Lubbock County,280301.0,19.0
7428,48309.0,2010.0,1,TX,McLennan County,235917.0,14.0
7439,48329.0,2010.0,1,TX,Midland County,136974.0,12.0
7446,48339.0,2010.0,1,TX,Montgomery County,459208.0,30.0
7456,48355.0,2010.0,1,TX,Nueces County,340245.0,45.0
7461,48361.0,2010.0,1,TX,Orange County,82012.0,25.0
7465,48367.0,2010.0,1,TX,Parker County,117316.0,17.0
7494,48423.0,2010.0,1,TX,Smith County,210408.0,17.0
7503,48439.0,2010.0,1,TX,Tarrant County,1817480.0,134.0
7507,48441.0,2010.0,1,TX,Taylor County,131835.0,12.0
7512,48451.0,2010.0,1,TX,Tom Green County,110678.0,20.0
7515,48453.0,2010.0,1,TX,Travis County,1030503.0,118.0
7532,48479.0,2010.0,1,TX,Webb County,251370.0,23.0
7537,48485.0,2010.0,1,TX,Wichita County,131794.0,16.0
7542,48491.0,2010.0,1,TX,Williamson County,426287.0,27.0
7555,53005.0,2010.0,1,WA,Benton County,176465.0,10.0
7558,53007.0,2010.0,1,WA,Chelan County,72750.0,11.0
7560,53009.0,2010.0,1,WA,Clallam County,71503.0,11.0
7563,53011.0,2010.0,1,WA,Clark County,426704.0,50.0
7568,53015.0,2010.0,1,WA,Cowlitz County,102358.0,14.0
7582,53033.0,2010.0,1,WA,King County,1938351.0,238.0
7587,53035.0,2010.0,1,WA,Kitsap County,251681.0,19.0
7592,53057.0,2010.0,1,WA,Skagit County,116944.0,16.0
7596,53061.0,2010.0,1,WA,Snohomish County,715500.0,108.0
7600,53063.0,2010.0,1,WA,Spokane County,472081.0,75.0
7605,53067.0,2010.0,1,WA,Thurston County,253001.0,22.0
7610,53073.0,2010.0,1,WA,Whatcom County,201545.0,14.0
7614,53077.0,2010.0,1,WA,Yakima County,244256.0,24.0
7625,55025.0,2010.0,1,WI,Dane County,489218.0,51.0
7628,55027.0,2010.0,1,WI,Dodge County,88728.0,11.0
7635,55039.0,2010.0,1,WI,Fond du Lac County,101576.0,12.0
7646,55059.0,2010.0,1,WI,Kenosha County,166626.0,27.0
7650,55063.0,2010.0,1,WI,La Crosse County,114872.0,10.0
7663,55105.0,2010.0,1,WI,Rock County,160260.0,17.0
7676,55127.0,2010.0,1,WI,Walworth County,102197.0,13.0
7681,55133.0,2010.0,1,WI,Waukesha County,390028.0,44.0
7687,55139.0,2010.0,1,WI,Winnebago County,167073.0,12.0
7696,4005.0,2011.0,1,AZ,Coconino County,134275.0,16.0
7705,4013.0,2011.0,1,AZ,Maricopa County,3874996.0,627.0
7712,4015.0,2011.0,1,AZ,Mohave County,202812.0,52.0
7716,4017.0,2011.0,1,AZ,Navajo County,107552.0,11.0
7720,4019.0,2011.0,1,AZ,Pima County,988381.0,184.0
7724,4021.0,2011.0,1,AZ,Pinal County,378041.0,33.0
7728,4025.0,2011.0,1,AZ,Yavapai County,211044.0,44.0
7731,4027.0,2011.0,1,AZ,Yuma County,202841.0,20.0
7734,8001.0,2011.0,1,CO,Adams County,452201.0,88.0
7739,8005.0,2011.0,1,CO,Arapahoe County,585968.0,72.0
7746,8013.0,2011.0,1,CO,Boulder County,299957.0,38.0
7759,8031.0,2011.0,1,CO,Denver County,620530.0,163.0
7766,8035.0,2011.0,1,CO,Douglas County,292548.0,28.0
7772,8041.0,2011.0,1,CO,El Paso County,637305.0,94.0
7783,8059.0,2011.0,1,CO,Jefferson County,540506.0,72.0
7791,8069.0,2011.0,1,CO,Larimer County,305246.0,43.0
7797,8077.0,2011.0,1,CO,Mesa County,147174.0,25.0
7812,8101.0,2011.0,1,CO,Pueblo County,160184.0,20.0
7824,8123.0,2011.0,1,CO,Weld County,258827.0,31.0
7873,20091.0,2011.0,1,KS,Johnson County,552907.0,39.0
7917,20173.0,2011.0,1,KS,Sedgwick County,501011.0,45.0
7921,20177.0,2011.0,1,KS,Shawnee County,178948.0,18.0
7939,20209.0,2011.0,1,KS,Wyandotte County,158011.0,10.0
7942,22001.0,2011.0,1,LA,Acadia Parish,61865.0,10.0
7945,22005.0,2011.0,1,LA,Ascension Parish,110075.0,11.0
7952,22017.0,2011.0,1,LA,Caddo Parish,256967.0,26.0
7955,22019.0,2011.0,1,LA,Calcasieu Parish,193861.0,16.0
7964,22033.0,2011.0,1,LA,East Baton Rouge Parish,441564.0,24.0
7974,22051.0,2011.0,1,LA,Jefferson Parish,434089.0,80.0
7978,22055.0,2011.0,1,LA,Lafayette Parish,224673.0,27.0
7980,22057.0,2011.0,1,LA,Lafourche Parish,97078.0,14.0
7983,22063.0,2011.0,1,LA,Livingston Parish,129828.0,33.0
7988,22071.0,2011.0,1,LA,Orleans Parish,360735.0,40.0
7994,22079.0,2011.0,1,LA,Rapides Parish,132020.0,15.0
8007,22103.0,2011.0,1,LA,St. Tammany Parish,236846.0,39.0
8009,22105.0,2011.0,1,LA,Tangipahoa Parish,122700.0,20.0
8012,22109.0,2011.0,1,LA,Terrebonne Parish,111635.0,17.0
8039,28033.0,2011.0,1,MS,DeSoto County,164075.0,11.0
8048,28047.0,2011.0,1,MS,Harrison County,191070.0,40.0
8056,28059.0,2011.0,1,MS,Jackson County,140029.0,30.0
8089,28121.0,2011.0,1,MS,Rankin County,144207.0,24.0
8120,40017.0,2011.0,1,OK,Canadian County,119397.0,17.0
8122,40019.0,2011.0,1,OK,Carter County,48067.0,15.0
8127,40027.0,2011.0,1,OK,Cleveland County,262064.0,28.0
8131,40031.0,2011.0,1,OK,Comanche County,126075.0,12.0
8136,40037.0,2011.0,1,OK,Creek County,70651.0,18.0
8158,40079.0,2011.0,1,OK,Le Flore County,50504.0,14.0
8170,40101.0,2011.0,1,OK,Muskogee County,70763.0,15.0
8176,40109.0,2011.0,1,OK,Oklahoma County,730808.0,142.0
8186,40119.0,2011.0,1,OK,Payne County,78238.0,10.0
8189,40123.0,2011.0,1,OK,Pontotoc County,37749.0,14.0
8191,40125.0,2011.0,1,OK,Pottawatomie County,70059.0,10.0
8202,40143.0,2011.0,1,OK,Tulsa County,609204.0,104.0
8205,40145.0,2011.0,1,OK,Wagoner County,74035.0,11.0
8207,40147.0,2011.0,1,OK,Washington County,51362.0,11.0
8225,48027.0,2011.0,1,TX,Bell County,315799.0,20.0
8228,48029.0,2011.0,1,TX,Bexar County,1755361.0,263.0
8236,48039.0,2011.0,1,TX,Brazoria County,319147.0,36.0
8239,48041.0,2011.0,1,TX,Brazos County,197450.0,19.0
8263,48085.0,2011.0,1,TX,Collin County,812540.0,68.0
8270,48091.0,2011.0,1,TX,Comal County,112113.0,10.0
8282,48113.0,2011.0,1,TX,Dallas County,2408697.0,238.0
8292,48121.0,2011.0,1,TX,Denton County,685740.0,70.0
8302,48135.0,2011.0,1,TX,Ector County,139642.0,16.0
8307,48141.0,2011.0,1,TX,El Paso County,819896.0,52.0
8317,48157.0,2011.0,1,TX,Fort Bend County,606064.0,30.0
8324,48167.0,2011.0,1,TX,Galveston County,295605.0,42.0
8332,48181.0,2011.0,1,TX,Grayson County,121430.0,17.0
8334,48183.0,2011.0,1,TX,Gregg County,122656.0,13.0
8337,48187.0,2011.0,1,TX,Guadalupe County,135809.0,11.0
8345,48201.0,2011.0,1,TX,Harris County,4179568.0,379.0
8358,48215.0,2011.0,1,TX,Hidalgo County,795517.0,18.0
8375,48245.0,2011.0,1,TX,Jefferson County,253494.0,31.0
8380,48251.0,2011.0,1,TX,Johnson County,152094.0,12.0
8388,48265.0,2011.0,1,TX,Kerr County,49641.0,10.0
8402,48291.0,2011.0,1,TX,Liberty County,75990.0,10.0
8408,48303.0,2011.0,1,TX,Lubbock County,283408.0,21.0
8423,48329.0,2011.0,1,TX,Midland County,140224.0,14.0
8430,48339.0,2011.0,1,TX,Montgomery County,471415.0,42.0
8441,48355.0,2011.0,1,TX,Nueces County,343263.0,58.0
8446,48361.0,2011.0,1,TX,Orange County,82341.0,16.0
8453,48373.0,2011.0,1,TX,Polk County,45580.0,10.0
8455,48375.0,2011.0,1,TX,Potter County,122305.0,12.0
8480,48423.0,2011.0,1,TX,Smith County,212764.0,20.0
8490,48439.0,2011.0,1,TX,Tarrant County,1847882.0,172.0
8494,48441.0,2011.0,1,TX,Taylor County,132853.0,14.0
8501,48453.0,2011.0,1,TX,Travis County,1061709.0,150.0
8512,48469.0,2011.0,1,TX,Victoria County,87557.0,11.0
8518,48479.0,2011.0,1,TX,Webb County,255935.0,19.0
8523,48485.0,2011.0,1,TX,Wichita County,130803.0,18.0
8528,48491.0,2011.0,1,TX,Williamson County,442031.0,31.0
8541,53005.0,2011.0,1,WA,Benton County,180436.0,16.0
8544,53007.0,2011.0,1,WA,Chelan County,73214.0,10.0
8549,53011.0,2011.0,1,WA,Clark County,432283.0,55.0
8554,53015.0,2011.0,1,WA,Cowlitz County,102309.0,27.0
8563,53027.0,2011.0,1,WA,Grays Harbor County,72366.0,10.0
8573,53053.0,2011.0,1,WA,Pierce County,807623.0,128.0
8579,53057.0,2011.0,1,WA,Skagit County,117578.0,15.0
8583,53061.0,2011.0,1,WA,Snohomish County,722068.0,168.0
8587,53063.0,2011.0,1,WA,Spokane County,473436.0,73.0
8592,53067.0,2011.0,1,WA,Thurston County,256386.0,27.0
8600,55009.0,2011.0,1,WI,Brown County,250481.0,22.0
8611,55025.0,2011.0,1,WI,Dane County,496009.0,79.0
8634,55059.0,2011.0,1,WI,Kenosha County,166835.0,23.0
8649,55079.0,2011.0,1,WI,Milwaukee County,951324.0,162.0
8650,55101.0,2011.0,1,WI,Racine County,194908.0,17.0
8654,55105.0,2011.0,1,WI,Rock County,159867.0,23.0
8658,55111.0,2011.0,1,WI,Sauk County,62236.0,10.0
8668,55127.0,2011.0,1,WI,Walworth County,102643.0,12.0
8671,55131.0,2011.0,1,WI,Washington County,132337.0,13.0
8674,55133.0,2011.0,1,WI,Waukesha County,390837.0,42.0
8679,55139.0,2011.0,1,WI,Winnebago County,167493.0,21.0
8686,4003.0,2012.0,1,AZ,Cochise County,132017.0,15.0
8696,4013.0,2012.0,1,AZ,Maricopa County,3947505.0,630.0
8703,4015.0,2012.0,1,AZ,Mohave County,203347.0,65.0
8707,4017.0,2012.0,1,AZ,Navajo County,107313.0,17.0
8711,4019.0,2012.0,1,AZ,Pima County,993052.0,213.0
8717,4021.0,2012.0,1,AZ,Pinal County,382251.0,38.0
8721,4025.0,2012.0,1,AZ,Yavapai County,211990.0,66.0
8726,4027.0,2012.0,1,AZ,Yuma County,202475.0,32.0
8729,8001.0,2012.0,1,CO,Adams County,460558.0,91.0
8735,8005.0,2012.0,1,CO,Arapahoe County,596500.0,78.0
8742,8013.0,2012.0,1,CO,Boulder County,304570.0,34.0
8755,8031.0,2012.0,1,CO,Denver County,635163.0,120.0
8761,8035.0,2012.0,1,CO,Douglas County,298708.0,20.0
8766,8041.0,2012.0,1,CO,El Paso County,646003.0,96.0
8776,8059.0,2012.0,1,CO,Jefferson County,546602.0,75.0
8784,8069.0,2012.0,1,CO,Larimer County,310842.0,31.0
8790,8077.0,2012.0,1,CO,Mesa County,147317.0,14.0
8804,8101.0,2012.0,1,CO,Pueblo County,160721.0,34.0
8816,8123.0,2012.0,1,CO,Weld County,264131.0,19.0
8827,20015.0,2012.0,1,KS,Butler County,65669.0,10.0
8843,20045.0,2012.0,1,KS,Douglas County,113313.0,11.0
8867,20091.0,2012.0,1,KS,Johnson County,559428.0,40.0
8912,20173.0,2012.0,1,KS,Sedgwick County,504101.0,69.0
8917,20177.0,2012.0,1,KS,Shawnee County,178975.0,13.0
8935,20209.0,2012.0,1,KS,Wyandotte County,159379.0,15.0
8940,22005.0,2012.0,1,LA,Ascension Parish,112218.0,12.0
8947,22017.0,2012.0,1,LA,Caddo Parish,257252.0,14.0
8950,22019.0,2012.0,1,LA,Calcasieu Parish,194479.0,22.0
8958,22033.0,2012.0,1,LA,East Baton Rouge Parish,442955.0,28.0
8969,22051.0,2012.0,1,LA,Jefferson Parish,433954.0,84.0
8973,22055.0,2012.0,1,LA,Lafayette Parish,227298.0,31.0
8975,22057.0,2012.0,1,LA,Lafourche Parish,97177.0,12.0
8978,22063.0,2012.0,1,LA,Livingston Parish,131478.0,24.0
8983,22071.0,2012.0,1,LA,Orleans Parish,369787.0,65.0
8986,22073.0,2012.0,1,LA,Ouachita Parish,155256.0,17.0
9002,22103.0,2012.0,1,LA,St. Tammany Parish,239064.0,40.0
9007,22109.0,2012.0,1,LA,Terrebonne Parish,111708.0,18.0
9012,22117.0,2012.0,1,LA,Washington Parish,46676.0,10.0
9035,28033.0,2012.0,1,MS,DeSoto County,166426.0,13.0
9044,28047.0,2012.0,1,MS,Harrison County,193540.0,38.0
9052,28059.0,2012.0,1,MS,Jackson County,139949.0,25.0
9078,28109.0,2012.0,1,MS,Pearl River County,54999.0,10.0
9085,28121.0,2012.0,1,MS,Rankin County,145809.0,18.0
9114,40013.0,2012.0,1,OK,Bryan County,43453.0,12.0
9120,40019.0,2012.0,1,OK,Carter County,48023.0,15.0
9125,40027.0,2012.0,1,OK,Cleveland County,266150.0,44.0
9133,40037.0,2012.0,1,OK,Creek County,70760.0,11.0
9142,40051.0,2012.0,1,OK,Grady County,53026.0,18.0
9158,40079.0,2012.0,1,OK,Le Flore County,50343.0,10.0
9164,40089.0,2012.0,1,OK,McCurtain County,33345.0,10.0
9171,40101.0,2012.0,1,OK,Muskogee County,70529.0,12.0
9176,40109.0,2012.0,1,OK,Oklahoma County,743403.0,179.0
9181,40111.0,2012.0,1,OK,Okmulgee County,39551.0,10.0
9187,40121.0,2012.0,1,OK,Pittsburg County,45544.0,14.0
9190,40125.0,2012.0,1,OK,Pottawatomie County,70512.0,11.0
9197,40137.0,2012.0,1,OK,Stephens County,44881.0,16.0
9202,40143.0,2012.0,1,OK,Tulsa County,615181.0,108.0
9205,40145.0,2012.0,1,OK,Wagoner County,74984.0,15.0
9224,48027.0,2012.0,1,TX,Bell County,324963.0,26.0
9227,48029.0,2012.0,1,TX,Bexar County,1788738.0,193.0
9234,48039.0,2012.0,1,TX,Brazoria County,324224.0,36.0
9247,48061.0,2012.0,1,TX,Cameron County,415877.0,15.0
9261,48085.0,2012.0,1,TX,Collin County,835230.0,66.0
9268,48091.0,2012.0,1,TX,Comal County,114873.0,12.0
9281,48113.0,2012.0,1,TX,Dallas County,2455930.0,265.0
9291,48121.0,2012.0,1,TX,Denton County,707892.0,46.0
9300,48135.0,2012.0,1,TX,Ector County,144495.0,13.0
9305,48141.0,2012.0,1,TX,El Paso County,832310.0,47.0
9315,48157.0,2012.0,1,TX,Fort Bend County,624824.0,16.0
9322,48167.0,2012.0,1,TX,Galveston County,301049.0,36.0
9330,48181.0,2012.0,1,TX,Grayson County,121854.0,15.0
9334,48187.0,2012.0,1,TX,Guadalupe County,139641.0,10.0
9341,48199.0,2012.0,1,TX,Hardin County,55122.0,11.0
9343,48201.0,2012.0,1,TX,Harris County,4263094.0,366.0
9354,48215.0,2012.0,1,TX,Hidalgo County,808334.0,16.0
9371,48245.0,2012.0,1,TX,Jefferson County,251605.0,30.0
9376,48251.0,2012.0,1,TX,Johnson County,153415.0,13.0
9381,48257.0,2012.0,1,TX,Kaufman County,106553.0,12.0
9402,48303.0,2012.0,1,TX,Lubbock County,285961.0,19.0
9407,48309.0,2012.0,1,TX,McLennan County,239368.0,20.0
9425,48339.0,2012.0,1,TX,Montgomery County,484565.0,33.0
9435,48355.0,2012.0,1,TX,Nueces County,347939.0,49.0
9440,48361.0,2012.0,1,TX,Orange County,82887.0,14.0
9444,48367.0,2012.0,1,TX,Parker County,119482.0,16.0
9453,48381.0,2012.0,1,TX,Randall County,124975.0,12.0
9477,48423.0,2012.0,1,TX,Smith County,214811.0,16.0
9486,48439.0,2012.0,1,TX,Tarrant County,1882205.0,182.0
9490,48441.0,2012.0,1,TX,Taylor County,134084.0,12.0
9498,48453.0,2012.0,1,TX,Travis County,1096886.0,155.0
9508,48467.0,2012.0,1,TX,Van Zandt County,52207.0,11.0
9515,48479.0,2012.0,1,TX,Webb County,260595.0,29.0
9520,48485.0,2012.0,1,TX,Wichita County,131701.0,18.0
9525,48491.0,2012.0,1,TX,Williamson County,455750.0,28.0
9538,53005.0,2012.0,1,WA,Benton County,182373.0,16.0
9543,53009.0,2012.0,1,WA,Clallam County,71766.0,12.0
9546,53011.0,2012.0,1,WA,Clark County,436361.0,62.0
9552,53033.0,2012.0,1,WA,King County,2011197.0,261.0
9558,53035.0,2012.0,1,WA,Kitsap County,254339.0,20.0
9566,53045.0,2012.0,1,WA,Mason County,60681.0,14.0
9573,53053.0,2012.0,1,WA,Pierce County,815535.0,109.0
9583,53073.0,2012.0,1,WA,Whatcom County,204863.0,13.0
9587,53077.0,2012.0,1,WA,Yakima County,246127.0,25.0
9594,55009.0,2012.0,1,WI,Brown County,252682.0,21.0
9604,55025.0,2012.0,1,WI,Dane County,502902.0,70.0
9615,55039.0,2012.0,1,WI,Fond du Lac County,101788.0,11.0
9626,55079.0,2012.0,1,WI,Milwaukee County,954595.0,181.0
9642,55101.0,2012.0,1,WI,Racine County,194594.0,25.0
9646,55105.0,2012.0,1,WI,Rock County,160065.0,22.0
9660,55127.0,2012.0,1,WI,Walworth County,102871.0,13.0
9664,55131.0,2012.0,1,WI,Washington County,132732.0,15.0
9666,55133.0,2012.0,1,WI,Waukesha County,392810.0,41.0
9672,55139.0,2012.0,1,WI,Winnebago County,168525.0,21.0
9678,4003.0,2013.0,1,AZ,Cochise County,129578.0,11.0
9681,4005.0,2013.0,1,AZ,Coconino County,136699.0,23.0
9685,4007.0,2013.0,1,AZ,Gila County,53005.0,12.0
9691,4013.0,2013.0,1,AZ,Maricopa County,4017723.0,705.0
9698,4015.0,2013.0,1,AZ,Mohave County,203126.0,61.0
9702,4017.0,2013.0,1,AZ,Navajo County,107135.0,22.0
9706,4019.0,2013.0,1,AZ,Pima County,997127.0,209.0
9711,4021.0,2013.0,1,AZ,Pinal County,385398.0,41.0
9715,4025.0,2013.0,1,AZ,Yavapai County,214421.0,65.0
9720,4027.0,2013.0,1,AZ,Yuma County,202420.0,22.0
9723,8001.0,2013.0,1,CO,Adams County,469978.0,78.0
9728,8005.0,2013.0,1,CO,Arapahoe County,608467.0,97.0
9735,8013.0,2013.0,1,CO,Boulder County,309323.0,54.0
9748,8031.0,2013.0,1,CO,Denver County,649391.0,116.0
9754,8035.0,2013.0,1,CO,Douglas County,306234.0,27.0
9760,8041.0,2013.0,1,CO,El Paso County,655209.0,107.0
9771,8059.0,2013.0,1,CO,Jefferson County,552031.0,75.0
9779,8069.0,2013.0,1,CO,Larimer County,316225.0,58.0
9786,8077.0,2013.0,1,CO,Mesa County,147175.0,14.0
9800,8101.0,2013.0,1,CO,Pueblo County,161033.0,33.0
9812,8123.0,2013.0,1,CO,Weld County,270165.0,20.0
9823,20015.0,2013.0,1,KS,Butler County,65671.0,11.0
9839,20045.0,2013.0,1,KS,Douglas County,114713.0,10.0
9863,20091.0,2013.0,1,KS,Johnson County,566351.0,49.0
9872,20103.0,2013.0,1,KS,Leavenworth County,78082.0,10.0
9899,20155.0,2013.0,1,KS,Reno County,64079.0,10.0
9909,20173.0,2013.0,1,KS,Sedgwick County,506442.0,61.0
9934,22005.0,2013.0,1,LA,Ascension Parish,114636.0,22.0
9940,22015.0,2013.0,1,LA,Bossier Parish,124021.0,15.0
9943,22017.0,2013.0,1,LA,Caddo Parish,255127.0,22.0
9946,22019.0,2013.0,1,LA,Calcasieu Parish,195492.0,19.0
9955,22033.0,2013.0,1,LA,East Baton Rouge Parish,444181.0,52.0
9963,22045.0,2013.0,1,LA,Iberia Parish,73839.0,19.0
9967,22051.0,2013.0,1,LA,Jefferson Parish,434264.0,118.0
9971,22055.0,2013.0,1,LA,Lafayette Parish,231471.0,26.0
9973,22057.0,2013.0,1,LA,Lafourche Parish,97276.0,14.0
9976,22063.0,2013.0,1,LA,Livingston Parish,133668.0,36.0
9981,22071.0,2013.0,1,LA,Orleans Parish,378637.0,113.0
9984,22073.0,2013.0,1,LA,Ouachita Parish,156062.0,17.0
9989,22079.0,2013.0,1,LA,Rapides Parish,132322.0,14.0
9995,22087.0,2013.0,1,LA,St. Bernard Parish,43430.0,15.0
9997,22089.0,2013.0,1,LA,St. Charles Parish,52614.0,14.0
10005,22103.0,2013.0,1,LA,St. Tammany Parish,241953.0,66.0
10007,22105.0,2013.0,1,LA,Tangipahoa Parish,125520.0,20.0
10010,22109.0,2013.0,1,LA,Terrebonne Parish,112707.0,22.0
10037,28033.0,2013.0,1,MS,DeSoto County,168370.0,11.0
10044,28045.0,2013.0,1,MS,Hancock County,45522.0,16.0
10046,28047.0,2013.0,1,MS,Harrison County,196134.0,44.0
10054,28059.0,2013.0,1,MS,Jackson County,140324.0,25.0
10081,28109.0,2013.0,1,MS,Pearl River County,54833.0,15.0
10088,28121.0,2013.0,1,MS,Rankin County,147321.0,10.0
10119,40017.0,2013.0,1,OK,Canadian County,125943.0,14.0
10122,40019.0,2013.0,1,OK,Carter County,48465.0,15.0
10124,40021.0,2013.0,1,OK,Cherokee County,47870.0,12.0
10128,40027.0,2013.0,1,OK,Cleveland County,269860.0,39.0
10132,40031.0,2013.0,1,OK,Comanche County,124949.0,10.0
10137,40037.0,2013.0,1,OK,Creek County,70575.0,13.0
10144,40047.0,2013.0,1,OK,Garfield County,62370.0,11.0
10161,40079.0,2013.0,1,OK,Le Flore County,50301.0,11.0
10173,40101.0,2013.0,1,OK,Muskogee County,70172.0,14.0
10178,40109.0,2013.0,1,OK,Oklahoma County,756187.0,167.0
10190,40125.0,2013.0,1,OK,Pottawatomie County,70906.0,13.0
10197,40135.0,2013.0,1,OK,Sequoyah County,41814.0,16.0
10202,40143.0,2013.0,1,OK,Tulsa County,623705.0,121.0
10206,40145.0,2013.0,1,OK,Wagoner County,75654.0,18.0
10223,48021.0,2013.0,1,TX,Bastrop County,75814.0,10.0
10227,48027.0,2013.0,1,TX,Bell County,327028.0,19.0
10230,48029.0,2013.0,1,TX,Bexar County,1821328.0,175.0
10237,48039.0,2013.0,1,TX,Brazoria County,329890.0,26.0
10264,48085.0,2013.0,1,TX,Collin County,856398.0,59.0
10282,48113.0,2013.0,1,TX,Dallas County,2484486.0,247.0
10292,48121.0,2013.0,1,TX,Denton County,728624.0,43.0
10301,48135.0,2013.0,1,TX,Ector County,149656.0,16.0
10306,48141.0,2013.0,1,TX,El Paso County,830864.0,62.0
10316,48157.0,2013.0,1,TX,Fort Bend County,651847.0,15.0
10323,48167.0,2013.0,1,TX,Galveston County,306589.0,37.0
10332,48181.0,2013.0,1,TX,Grayson County,122362.0,18.0
10345,48201.0,2013.0,1,TX,Harris County,4353187.0,422.0
10354,48209.0,2013.0,1,TX,Hays County,176035.0,10.0
10359,48215.0,2013.0,1,TX,Hidalgo County,818619.0,30.0
10364,48221.0,2013.0,1,TX,Hood County,52860.0,10.0
10370,48231.0,2013.0,1,TX,Hunt County,87429.0,10.0
10378,48245.0,2013.0,1,TX,Jefferson County,253079.0,25.0
10383,48251.0,2013.0,1,TX,Johnson County,154535.0,11.0
10387,48257.0,2013.0,1,TX,Kaufman County,108248.0,11.0
10408,48303.0,2013.0,1,TX,Lubbock County,289515.0,29.0
10413,48309.0,2013.0,1,TX,McLennan County,241443.0,11.0
10425,48329.0,2013.0,1,TX,Midland County,152356.0,17.0
10432,48339.0,2013.0,1,TX,Montgomery County,498392.0,41.0
10442,48355.0,2013.0,1,TX,Nueces County,352946.0,53.0
10447,48361.0,2013.0,1,TX,Orange County,82811.0,10.0
10455,48375.0,2013.0,1,TX,Potter County,122127.0,15.0
10481,48423.0,2013.0,1,TX,Smith County,216475.0,17.0
10490,48439.0,2013.0,1,TX,Tarrant County,1912767.0,138.0
10495,48441.0,2013.0,1,TX,Taylor County,133927.0,10.0
10503,48453.0,2013.0,1,TX,Travis County,1122248.0,153.0
10514,48469.0,2013.0,1,TX,Victoria County,90066.0,14.0
10520,48479.0,2013.0,1,TX,Webb County,264430.0,29.0
10525,48485.0,2013.0,1,TX,Wichita County,132192.0,16.0
10530,48491.0,2013.0,1,TX,Williamson County,470017.0,34.0
10541,53015.0,2013.0,1,WA,Cowlitz County,101483.0,21.0
10550,53027.0,2013.0,1,WA,Grays Harbor County,71046.0,12.0
10555,53033.0,2013.0,1,WA,King County,2047223.0,276.0
10560,53035.0,2013.0,1,WA,Kitsap County,252401.0,16.0
10568,53045.0,2013.0,1,WA,Mason County,60474.0,10.0
10575,53053.0,2013.0,1,WA,Pierce County,821012.0,122.0
10580,53057.0,2013.0,1,WA,Skagit County,118255.0,23.0
10584,53061.0,2013.0,1,WA,Snohomish County,744112.0,126.0
10591,55009.0,2013.0,1,WI,Brown County,254211.0,18.0
10599,55021.0,2013.0,1,WI,Columbia County,56581.0,10.0
10602,55025.0,2013.0,1,WI,Dane County,509762.0,88.0
10606,55027.0,2013.0,1,WI,Dodge County,87933.0,12.0
10625,55059.0,2013.0,1,WI,Kenosha County,167300.0,39.0
10628,55063.0,2013.0,1,WI,La Crosse County,116881.0,11.0
10641,55079.0,2013.0,1,WI,Milwaukee County,957443.0,214.0
10642,55101.0,2013.0,1,WI,Racine County,194680.0,30.0
10646,55127.0,2013.0,1,WI,Walworth County,102793.0,14.0
10649,55131.0,2013.0,1,WI,Washington County,132929.0,19.0
10652,55133.0,2013.0,1,WI,Waukesha County,394147.0,39.0
10658,55139.0,2013.0,1,WI,Winnebago County,169283.0,14.0
10665,4003.0,2014.0,1,AZ,Cochise County,127314.0,16.0
10670,4007.0,2014.0,1,AZ,Gila County,53044.0,15.0
10677,4013.0,2014.0,1,AZ,Maricopa County,4093648.0,695.0
10684,4015.0,2014.0,1,AZ,Mohave County,203423.0,56.0
10688,4017.0,2014.0,1,AZ,Navajo County,107701.0,18.0
10692,4019.0,2014.0,1,AZ,Pima County,1004229.0,222.0
10697,4021.0,2014.0,1,AZ,Pinal County,395322.0,25.0
10701,4025.0,2014.0,1,AZ,Yavapai County,217716.0,52.0
10705,4027.0,2014.0,1,AZ,Yuma County,204054.0,35.0
10708,8001.0,2014.0,1,CO,Adams County,479946.0,88.0
10714,8005.0,2014.0,1,CO,Arapahoe County,619034.0,99.0
10721,8013.0,2014.0,1,CO,Boulder County,312233.0,33.0
10733,8031.0,2014.0,1,CO,Denver County,664582.0,130.0
10739,8035.0,2014.0,1,CO,Douglas County,314545.0,15.0
10744,8041.0,2014.0,1,CO,El Paso County,663129.0,132.0
10757,8059.0,2014.0,1,CO,Jefferson County,558819.0,80.0
10765,8069.0,2014.0,1,CO,Larimer County,324008.0,54.0
10772,8077.0,2014.0,1,CO,Mesa County,147113.0,17.0
10785,8101.0,2014.0,1,CO,Pueblo County,161356.0,37.0
10797,8123.0,2014.0,1,CO,Weld County,277112.0,29.0
10846,20091.0,2014.0,1,KS,Johnson County,572940.0,53.0
10855,20103.0,2014.0,1,KS,Leavenworth County,78554.0,11.0
10882,20155.0,2014.0,1,KS,Reno County,63701.0,10.0
10892,20173.0,2014.0,1,KS,Sedgwick County,508968.0,74.0
10896,20177.0,2014.0,1,KS,Shawnee County,178567.0,17.0
10914,20209.0,2014.0,1,KS,Wyandotte County,162246.0,10.0
10919,22005.0,2014.0,1,LA,Ascension Parish,117282.0,15.0
10927,22017.0,2014.0,1,LA,Caddo Parish,252605.0,15.0
10930,22019.0,2014.0,1,LA,Calcasieu Parish,196570.0,25.0
10939,22033.0,2014.0,1,LA,East Baton Rouge Parish,445119.0,56.0
10950,22051.0,2014.0,1,LA,Jefferson Parish,434078.0,104.0
10954,22055.0,2014.0,1,LA,Lafayette Parish,235695.0,31.0
10956,22057.0,2014.0,1,LA,Lafourche Parish,97886.0,25.0
10959,22063.0,2014.0,1,LA,Livingston Parish,135168.0,29.0
10965,22071.0,2014.0,1,LA,Orleans Parish,383940.0,104.0
10968,22073.0,2014.0,1,LA,Ouachita Parish,156360.0,14.0
10973,22079.0,2014.0,1,LA,Rapides Parish,132202.0,14.0
10987,22103.0,2014.0,1,LA,St. Tammany Parish,245237.0,63.0
10990,22105.0,2014.0,1,LA,Tangipahoa Parish,127010.0,24.0
10993,22109.0,2014.0,1,LA,Terrebonne Parish,113482.0,22.0
10998,22117.0,2014.0,1,LA,Washington Parish,46319.0,13.0
11021,28033.0,2014.0,1,MS,DeSoto County,170760.0,20.0
11029,28047.0,2014.0,1,MS,Harrison County,198340.0,42.0
11038,28059.0,2014.0,1,MS,Jackson County,141432.0,29.0
11055,28089.0,2014.0,1,MS,Madison County,100841.0,12.0
11073,28121.0,2014.0,1,MS,Rankin County,148426.0,11.0
11104,40017.0,2014.0,1,OK,Canadian County,129321.0,16.0
11106,40019.0,2014.0,1,OK,Carter County,48582.0,12.0
11108,40021.0,2014.0,1,OK,Cherokee County,48240.0,12.0
11112,40027.0,2014.0,1,OK,Cleveland County,269724.0,31.0
11116,40031.0,2014.0,1,OK,Comanche County,124778.0,24.0
11121,40037.0,2014.0,1,OK,Creek County,70559.0,19.0
11125,40041.0,2014.0,1,OK,Delaware County,41763.0,12.0
11131,40051.0,2014.0,1,OK,Grady County,53878.0,11.0
11147,40079.0,2014.0,1,OK,Le Flore County,50211.0,10.0
11157,40097.0,2014.0,1,OK,Mayes County,40918.0,10.0
11160,40101.0,2014.0,1,OK,Muskogee County,69725.0,28.0
11165,40109.0,2014.0,1,OK,Oklahoma County,766882.0,161.0
11176,40121.0,2014.0,1,OK,Pittsburg County,44847.0,16.0
11182,40131.0,2014.0,1,OK,Rogers County,89366.0,12.0
11185,40135.0,2014.0,1,OK,Sequoyah County,41852.0,14.0
11190,40143.0,2014.0,1,OK,Tulsa County,630918.0,118.0
11194,40145.0,2014.0,1,OK,Wagoner County,75651.0,20.0
11213,48027.0,2014.0,1,TX,Bell County,330149.0,17.0
11216,48029.0,2014.0,1,TX,Bexar County,1858003.0,181.0
11223,48039.0,2014.0,1,TX,Brazoria County,337570.0,20.0
11226,48041.0,2014.0,1,TX,Brazos County,208975.0,20.0
11250,48085.0,2014.0,1,TX,Collin County,884688.0,70.0
11268,48113.0,2014.0,1,TX,Dallas County,2519410.0,337.0
11278,48121.0,2014.0,1,TX,Denton County,753188.0,48.0
11288,48135.0,2014.0,1,TX,Ector County,154588.0,29.0
11293,48141.0,2014.0,1,TX,El Paso County,833783.0,74.0
11304,48157.0,2014.0,1,TX,Fort Bend County,684048.0,31.0
11311,48167.0,2014.0,1,TX,Galveston County,313367.0,43.0
11319,48181.0,2014.0,1,TX,Grayson County,123599.0,12.0
11330,48199.0,2014.0,1,TX,Hardin County,55510.0,10.0
11332,48201.0,2014.0,1,TX,Harris County,4455994.0,397.0
11344,48213.0,2014.0,1,TX,Henderson County,79324.0,13.0
11346,48215.0,2014.0,1,TX,Hidalgo County,829819.0,18.0
11363,48245.0,2014.0,1,TX,Jefferson County,252897.0,29.0
11368,48251.0,2014.0,1,TX,Johnson County,156733.0,15.0
11372,48257.0,2014.0,1,TX,Kaufman County,110872.0,14.0
11393,48303.0,2014.0,1,TX,Lubbock County,294433.0,27.0
11398,48309.0,2014.0,1,TX,McLennan County,243166.0,13.0
11409,48329.0,2014.0,1,TX,Midland County,156725.0,17.0
11416,48339.0,2014.0,1,TX,Montgomery County,517146.0,31.0
11426,48355.0,2014.0,1,TX,Nueces County,356657.0,56.0
11431,48361.0,2014.0,1,TX,Orange County,83244.0,13.0
11435,48367.0,2014.0,1,TX,Parker County,122147.0,13.0
11440,48375.0,2014.0,1,TX,Potter County,122061.0,14.0
11458,48409.0,2014.0,1,TX,San Patricio County,66656.0,11.0
11466,48423.0,2014.0,1,TX,Smith County,219642.0,17.0
11475,48439.0,2014.0,1,TX,Tarrant County,1946122.0,195.0
11481,48441.0,2014.0,1,TX,Taylor County,134987.0,15.0
11489,48453.0,2014.0,1,TX,Travis County,1152260.0,129.0
11495,48485.0,2014.0,1,TX,Wichita County,132646.0,19.0
11500,48491.0,2014.0,1,TX,Williamson County,487913.0,27.0
11513,53005.0,2014.0,1,WA,Benton County,186489.0,20.0
11517,53029.0,2014.0,1,WA,Island County,78690.0,13.0
11521,53033.0,2014.0,1,WA,King County,2085225.0,293.0
11527,53035.0,2014.0,1,WA,Kitsap County,253387.0,20.0
11532,53041.0,2014.0,1,WA,Lewis County,74844.0,10.0
11542,53053.0,2014.0,1,WA,Pierce County,832696.0,124.0
11548,53057.0,2014.0,1,WA,Skagit County,119966.0,10.0
11552,53061.0,2014.0,1,WA,Snohomish County,757239.0,124.0
11556,53063.0,2014.0,1,WA,Spokane County,482857.0,50.0
11561,53067.0,2014.0,1,WA,Thurston County,264909.0,20.0
11565,53071.0,2014.0,1,WA,Walla Walla County,59510.0,13.0
11568,53073.0,2014.0,1,WA,Whatcom County,208154.0,14.0
11572,53077.0,2014.0,1,WA,Yakima County,246870.0,23.0
11576,55025.0,2014.0,1,WI,Dane County,516282.0,78.0
11580,55055.0,2014.0,1,WI,Jefferson County,84361.0,13.0
11583,55059.0,2014.0,1,WI,Kenosha County,167836.0,35.0
11592,55071.0,2014.0,1,WI,Manitowoc County,79951.0,12.0
11600,55079.0,2014.0,1,WI,Milwaukee County,958426.0,241.0
11607,55087.0,2014.0,1,WI,Outagamie County,182148.0,13.0
11610,55089.0,2014.0,1,WI,Ozaukee County,87578.0,10.0
11617,55101.0,2014.0,1,WI,Racine County,194786.0,42.0
11622,55105.0,2014.0,1,WI,Rock County,160920.0,25.0
11625,55131.0,2014.0,1,WI,Washington County,133601.0,17.0
11627,55133.0,2014.0,1,WI,Waukesha County,395397.0,38.0
11632,55139.0,2014.0,1,WI,Winnebago County,169324.0,25.0
11639,4003.0,2015.0,1,AZ,Cochise County,126454.0,28.0
11642,4005.0,2015.0,1,AZ,Coconino County,138962.0,15.0
11645,4007.0,2015.0,1,AZ,Gila County,52978.0,12.0
11651,4013.0,2015.0,1,AZ,Maricopa County,4172905.0,706.0
11658,4015.0,2015.0,1,AZ,Mohave County,204574.0,58.0
11662,4017.0,2015.0,1,AZ,Navajo County,107638.0,10.0
11666,4019.0,2015.0,1,AZ,Pima County,1009103.0,224.0
11671,4021.0,2015.0,1,AZ,Pinal County,405614.0,45.0
11675,4025.0,2015.0,1,AZ,Yavapai County,220805.0,56.0
11680,4027.0,2015.0,1,AZ,Yuma County,205186.0,24.0
11683,8001.0,2015.0,1,CO,Adams County,490443.0,84.0
11689,8005.0,2015.0,1,CO,Arapahoe County,630984.0,98.0
11696,8013.0,2015.0,1,CO,Boulder County,318027.0,32.0
11708,8031.0,2015.0,1,CO,Denver County,683285.0,107.0
11712,8035.0,2015.0,1,CO,Douglas County,322025.0,18.0
11717,8041.0,2015.0,1,CO,El Paso County,674001.0,143.0
11729,8059.0,2015.0,1,CO,Jefferson County,564888.0,85.0
11737,8069.0,2015.0,1,CO,Larimer County,333303.0,40.0
11740,8071.0,2015.0,1,CO,Las Animas County,14043.0,11.0
11744,8077.0,2015.0,1,CO,Mesa County,148025.0,26.0
11758,8101.0,2015.0,1,CO,Pueblo County,163006.0,44.0
11770,8123.0,2015.0,1,CO,Weld County,285819.0,39.0
11797,20045.0,2015.0,1,KS,Douglas County,118141.0,11.0
11821,20091.0,2015.0,1,KS,Johnson County,579684.0,39.0
11856,20155.0,2015.0,1,KS,Reno County,63596.0,10.0
11866,20173.0,2015.0,1,KS,Sedgwick County,511083.0,72.0
11870,20177.0,2015.0,1,KS,Shawnee County,178689.0,19.0
11888,20209.0,2015.0,1,KS,Wyandotte County,163682.0,10.0
11893,22005.0,2015.0,1,LA,Ascension Parish,119374.0,16.0
11901,22017.0,2015.0,1,LA,Caddo Parish,251345.0,26.0
11904,22019.0,2015.0,1,LA,Calcasieu Parish,198450.0,16.0
11913,22033.0,2015.0,1,LA,East Baton Rouge Parish,445512.0,72.0
11921,22045.0,2015.0,1,LA,Iberia Parish,73747.0,12.0
11925,22051.0,2015.0,1,LA,Jefferson Parish,435175.0,116.0
11929,22055.0,2015.0,1,LA,Lafayette Parish,239332.0,28.0
11931,22057.0,2015.0,1,LA,Lafourche Parish,98314.0,12.0
11934,22063.0,2015.0,1,LA,Livingston Parish,137116.0,47.0
11940,22071.0,2015.0,1,LA,Orleans Parish,389742.0,96.0
11943,22073.0,2015.0,1,LA,Ouachita Parish,156880.0,23.0
11948,22079.0,2015.0,1,LA,Rapides Parish,131780.0,14.0
11954,22089.0,2015.0,1,LA,St. Charles Parish,52572.0,13.0
11959,22097.0,2015.0,1,LA,St. Landry Parish,83649.0,10.0
11963,22103.0,2015.0,1,LA,St. Tammany Parish,248930.0,61.0
11966,22105.0,2015.0,1,LA,Tangipahoa Parish,128716.0,24.0
11970,22109.0,2015.0,1,LA,Terrebonne Parish,113817.0,35.0
11973,22113.0,2015.0,1,LA,Vermilion Parish,59918.0,10.0
11976,22117.0,2015.0,1,LA,Washington Parish,46358.0,18.0
11999,28033.0,2015.0,1,MS,DeSoto County,173271.0,30.0
12007,28047.0,2015.0,1,MS,Harrison County,200674.0,17.0
12010,28049.0,2015.0,1,MS,Hinds County,244216.0,12.0
12017,28059.0,2015.0,1,MS,Jackson County,141354.0,25.0
12026,28073.0,2015.0,1,MS,Lamar County,60966.0,11.0
12045,28109.0,2015.0,1,MS,Pearl River County,54944.0,16.0
12052,28121.0,2015.0,1,MS,Rankin County,149447.0,12.0
12084,40017.0,2015.0,1,OK,Canadian County,133158.0,13.0
12087,40019.0,2015.0,1,OK,Carter County,48568.0,14.0
12089,40021.0,2015.0,1,OK,Cherokee County,48376.0,11.0
12093,40027.0,2015.0,1,OK,Cleveland County,273841.0,44.0
12097,40031.0,2015.0,1,OK,Comanche County,124005.0,12.0
12102,40037.0,2015.0,1,OK,Creek County,70801.0,10.0
12124,40079.0,2015.0,1,OK,Le Flore County,50018.0,10.0
12129,40087.0,2015.0,1,OK,McClain County,37973.0,10.0
12135,40097.0,2015.0,1,OK,Mayes County,40889.0,12.0
12138,40101.0,2015.0,1,OK,Muskogee County,69319.0,18.0
12143,40109.0,2015.0,1,OK,Oklahoma County,777373.0,136.0
12155,40125.0,2015.0,1,OK,Pottawatomie County,71479.0,11.0
12160,40131.0,2015.0,1,OK,Rogers County,90080.0,13.0
12168,40143.0,2015.0,1,OK,Tulsa County,640470.0,111.0
12172,40145.0,2015.0,1,OK,Wagoner County,76733.0,13.0
12193,48027.0,2015.0,1,TX,Bell County,336076.0,23.0
12196,48029.0,2015.0,1,TX,Bexar County,1894834.0,190.0
12204,48039.0,2015.0,1,TX,Brazoria County,345227.0,29.0
12206,48041.0,2015.0,1,TX,Brazos County,216258.0,17.0
12217,48061.0,2015.0,1,TX,Cameron County,419450.0,17.0
12231,48085.0,2015.0,1,TX,Collin County,915243.0,72.0
12238,48091.0,2015.0,1,TX,Comal County,128795.0,11.0
12250,48113.0,2015.0,1,TX,Dallas County,2557830.0,281.0
12259,48121.0,2015.0,1,TX,Denton County,779584.0,57.0
12269,48135.0,2015.0,1,TX,Ector County,159903.0,12.0
12274,48141.0,2015.0,1,TX,El Paso County,831898.0,57.0
12284,48157.0,2015.0,1,TX,Fort Bend County,715331.0,33.0
12292,48167.0,2015.0,1,TX,Galveston County,320974.0,49.0
12312,48201.0,2015.0,1,TX,Harris County,4557846.0,452.0
12321,48209.0,2015.0,1,TX,Hays County,194662.0,14.0
12325,48213.0,2015.0,1,TX,Henderson County,79492.0,13.0
12328,48215.0,2015.0,1,TX,Hidalgo County,839667.0,22.0
12345,48245.0,2015.0,1,TX,Jefferson County,255112.0,24.0
12350,48251.0,2015.0,1,TX,Johnson County,159345.0,13.0
12355,48257.0,2015.0,1,TX,Kaufman County,114055.0,13.0
12370,48291.0,2015.0,1,TX,Liberty County,79537.0,14.0
12376,48303.0,2015.0,1,TX,Lubbock County,298337.0,27.0
12384,48339.0,2015.0,1,TX,Montgomery County,535753.0,48.0
12390,48347.0,2015.0,1,TX,Nacogdoches County,65462.0,15.0
12395,48355.0,2015.0,1,TX,Nueces County,360504.0,53.0
12400,48361.0,2015.0,1,TX,Orange County,83955.0,12.0
12404,48367.0,2015.0,1,TX,Parker County,125640.0,15.0
12409,48375.0,2015.0,1,TX,Potter County,121272.0,14.0
12421,48423.0,2015.0,1,TX,Smith County,222390.0,19.0
12430,48439.0,2015.0,1,TX,Tarrant County,1984880.0,177.0
12436,48441.0,2015.0,1,TX,Taylor County,136133.0,18.0
12443,48451.0,2015.0,1,TX,Tom Green County,117514.0,10.0
12446,48453.0,2015.0,1,TX,Travis County,1179805.0,136.0
12471,53005.0,2015.0,1,WA,Benton County,190218.0,28.0
12476,53009.0,2015.0,1,WA,Clallam County,73202.0,12.0
12479,53011.0,2015.0,1,WA,Clark County,456939.0,59.0
12483,53015.0,2015.0,1,WA,Cowlitz County,102999.0,15.0
12491,53025.0,2015.0,1,WA,Grant County,93527.0,11.0
12494,53027.0,2015.0,1,WA,Grays Harbor County,71011.0,15.0
12497,53029.0,2015.0,1,WA,Island County,80022.0,11.0
12501,53033.0,2015.0,1,WA,King County,2126178.0,285.0
12508,53053.0,2015.0,1,WA,Pierce County,843778.0,110.0
12512,53067.0,2015.0,1,WA,Thurston County,267978.0,26.0
12518,53073.0,2015.0,1,WA,Whatcom County,211836.0,23.0
12522,53077.0,2015.0,1,WA,Yakima County,247800.0,26.0
12529,55009.0,2015.0,1,WI,Brown County,257856.0,19.0
12537,55039.0,2015.0,1,WI,Fond du Lac County,101955.0,15.0
12546,55055.0,2015.0,1,WI,Jefferson County,84488.0,10.0
12549,55059.0,2015.0,1,WI,Kenosha County,167910.0,31.0
12558,55071.0,2015.0,1,WI,Manitowoc County,79483.0,12.0
12561,55073.0,2015.0,1,WI,Marathon County,135314.0,12.0
12567,55079.0,2015.0,1,WI,Milwaukee County,958421.0,256.0
12574,55087.0,2015.0,1,WI,Outagamie County,183328.0,13.0
12583,55101.0,2015.0,1,WI,Racine County,194672.0,32.0
12587,55105.0,2015.0,1,WI,Rock County,161006.0,24.0
12592,55111.0,2015.0,1,WI,Sauk County,63271.0,12.0
12596,55117.0,2015.0,1,WI,Sheboygan County,115196.0,14.0
12603,55127.0,2015.0,1,WI,Walworth County,102475.0,13.0
12606,55131.0,2015.0,1,WI,Washington County,133906.0,13.0
12609,55133.0,2015.0,1,WI,Waukesha County,396237.0,34.0
12615,55139.0,2015.0,1,WI,Winnebago County,169246.0,22.0
