,Unnamed: 0,BUYER_STATE,BUYER_COUNTY,YEAR,MME
0,0,AZ,APACHE,2006,5825221904.621813
1,1,AZ,APACHE,2007,6901463014.872175
2,2,AZ,APACHE,2008,7828282680.118313
3,3,AZ,APACHE,2009,10257043961.027498
4,4,AZ,APACHE,2010,10603759005.0
5,5,AZ,APACHE,2011,9993612928.312498
6,6,AZ,APACHE,2012,10077654128.24
7,7,AZ,APACHE,2013,12398083078.122648
8,8,AZ,APACHE,2014,14122079470.172625
9,9,AZ,COCHISE,2006,265903089299.65585
10,10,AZ,COCHISE,2007,364554319264.5924
11,11,AZ,COCHISE,2008,519932805008.2596
12,12,AZ,COCHISE,2009,629044178473.4001
13,13,AZ,COCHISE,2010,739304746055.0326
14,14,AZ,COCHISE,2011,825112344451.4993
15,15,AZ,COCHISE,2012,835509762485.1136
16,16,AZ,COCHISE,2013,868875939317.476
17,17,AZ,COCHISE,2014,778523456469.8042
18,18,AZ,COCONINO,2006,179223030502.99576
19,19,AZ,COCONINO,2007,228759406677.2033
20,20,AZ,COCONINO,2008,289244805675.0061
21,21,AZ,COCONINO,2009,283207526376.61255
22,22,AZ,COCONINO,2010,294007812386.3364
23,23,AZ,COCONINO,2011,358055405959.6722
24,24,AZ,COCONINO,2012,391708287798.7048
25,25,AZ,COCONINO,2013,380120714400.8009
26,26,AZ,COCONINO,2014,427595818256.1536
27,27,AZ,GILA,2006,142483937971.22705
28,28,AZ,GILA,2007,159498002561.0239
29,29,AZ,GILA,2008,170522005338.2556
30,30,AZ,GILA,2009,217298117760.1005
31,31,AZ,GILA,2010,274883263267.69946
32,32,AZ,GILA,2011,335346030622.3001
33,33,AZ,GILA,2012,415355011234.3725
34,34,AZ,GILA,2013,403255002298.5018
35,35,AZ,GILA,2014,374678190076.0538
36,36,AZ,GRAHAM,2006,60837423628.69688
37,37,AZ,GRAHAM,2007,106641046006.7004
38,38,AZ,GRAHAM,2008,165817104103.7415
39,39,AZ,GRAHAM,2009,190920257185.22495
40,40,AZ,GRAHAM,2010,192683605425.75
41,41,AZ,GRAHAM,2011,206562665838.362
42,42,AZ,GRAHAM,2012,239988583559.4463
43,43,AZ,GRAHAM,2013,187178347429.0976
44,44,AZ,GRAHAM,2014,133375585101.4092
45,45,AZ,GREENLEE,2006,104838248.5
46,46,AZ,GREENLEE,2007,188090366.75
47,47,AZ,GREENLEE,2008,346431678.1375
48,48,AZ,GREENLEE,2009,320296352.97575
49,49,AZ,GREENLEE,2010,483894014.875
50,50,AZ,GREENLEE,2011,494564546.875
51,51,AZ,GREENLEE,2012,503405473.25000006
52,52,AZ,GREENLEE,2013,586913258.25
53,53,AZ,GREENLEE,2014,533863721.7125
54,54,AZ,LA PAZ,2006,6563358242.073
55,55,AZ,LA PAZ,2007,7235511161.450001
56,56,AZ,LA PAZ,2008,8404502988.683999
57,57,AZ,LA PAZ,2009,9258869308.9125
58,58,AZ,LA PAZ,2010,14127892066.260252
59,59,AZ,LA PAZ,2011,16846578842.199438
60,60,AZ,LA PAZ,2012,17808700020.09275
61,61,AZ,LA PAZ,2013,16206271645.41
62,62,AZ,LA PAZ,2014,21093804372.14
63,63,AZ,MARICOPA,2006,246024877298649.9
64,64,AZ,MARICOPA,2007,320301880174895.3
65,65,AZ,MARICOPA,2008,396277962201195.0
66,66,AZ,MARICOPA,2009,490868488603514.9
67,67,AZ,MARICOPA,2010,554689084437531.25
68,68,AZ,MARICOPA,2011,667113126025875.4
69,69,AZ,MARICOPA,2012,738450249366208.4
70,70,AZ,MARICOPA,2013,744333186270578.0
71,71,AZ,MARICOPA,2014,725356903590217.1
72,72,AZ,MOHAVE,2006,1777301005531.0188
73,73,AZ,MOHAVE,2007,2458782642526.1143
74,74,AZ,MOHAVE,2008,3252048140627.569
75,75,AZ,MOHAVE,2009,3648411214315.525
76,76,AZ,MOHAVE,2010,3957399911960.984
77,77,AZ,MOHAVE,2011,4591131516258.81
78,78,AZ,MOHAVE,2012,4917451654662.218
79,79,AZ,MOHAVE,2013,4782995809891.0
80,80,AZ,MOHAVE,2014,4200239927602.217
81,81,AZ,NAVAJO,2006,149171341376.701
82,82,AZ,NAVAJO,2007,189671482515.76447
83,83,AZ,NAVAJO,2008,226443828057.6168
84,84,AZ,NAVAJO,2009,236413683623.21243
85,85,AZ,NAVAJO,2010,241439669346.47235
86,86,AZ,NAVAJO,2011,286060697755.6155
87,87,AZ,NAVAJO,2012,323299400492.2722
88,88,AZ,NAVAJO,2013,392411773747.8416
89,89,AZ,NAVAJO,2014,408610580822.7559
90,90,AZ,PIMA,2006,27945279139930.71
91,91,AZ,PIMA,2007,35223415544476.52
92,92,AZ,PIMA,2008,42279091974450.24
93,93,AZ,PIMA,2009,48002513750580.19
94,94,AZ,PIMA,2010,49130233038608.98
95,95,AZ,PIMA,2011,58867772765267.445
96,96,AZ,PIMA,2012,67292249110018.35
97,97,AZ,PIMA,2013,57762694745367.66
98,98,AZ,PIMA,2014,49665044388047.38
99,99,AZ,PINAL,2006,1174161837510.8003
100,100,AZ,PINAL,2007,1566773070745.5796
101,101,AZ,PINAL,2008,1761357077174.8992
102,102,AZ,PINAL,2009,1935349116240.2285
103,103,AZ,PINAL,2010,2349362347758.764
104,104,AZ,PINAL,2011,3276587235532.9014
105,105,AZ,PINAL,2012,3726647251439.1865
106,106,AZ,PINAL,2013,4012434982453.364
107,107,AZ,PINAL,2014,4235933265215.591
108,108,AZ,SANTA CRUZ,2006,7083297965.25
109,109,AZ,SANTA CRUZ,2007,7596288147.669
110,110,AZ,SANTA CRUZ,2008,9110905928.133
111,111,AZ,SANTA CRUZ,2009,9038251770.290665
112,112,AZ,SANTA CRUZ,2010,10367569492.014
113,113,AZ,SANTA CRUZ,2011,10504439543.3075
114,114,AZ,SANTA CRUZ,2012,14980530278.505
115,115,AZ,SANTA CRUZ,2013,22599991004.775578
116,116,AZ,SANTA CRUZ,2014,19055919289.745
117,117,AZ,YAVAPAI,2006,1344022750892.88
118,118,AZ,YAVAPAI,2007,1640853920964.676
119,119,AZ,YAVAPAI,2008,1761818596206.9456
120,120,AZ,YAVAPAI,2009,2031648428784.054
121,121,AZ,YAVAPAI,2010,2549157880096.1675
122,122,AZ,YAVAPAI,2011,3128054197129.7305
123,123,AZ,YAVAPAI,2012,3186232445294.029
124,124,AZ,YAVAPAI,2013,2917800386722.8506
125,125,AZ,YAVAPAI,2014,2636225649781.758
126,126,AZ,YUMA,2006,200264358484.09088
127,127,AZ,YUMA,2007,259185359131.77225
128,128,AZ,YUMA,2008,316285440332.9047
129,129,AZ,YUMA,2009,382745404311.8712
130,130,AZ,YUMA,2010,409284252332.9308
131,131,AZ,YUMA,2011,569179778242.8912
132,132,AZ,YUMA,2012,711518753512.9391
133,133,AZ,YUMA,2013,753531057552.2229
134,134,AZ,YUMA,2014,676231302907.6666
0,0,CO,ADAMS,2006,1397374741329.236
1,1,CO,ADAMS,2007,1851648126781.0845
2,2,CO,ADAMS,2008,2458704951638.928
3,3,CO,ADAMS,2009,3085754124248.2285
4,4,CO,ADAMS,2010,3994631786877.908
5,5,CO,ADAMS,2011,4897806541781.36
6,6,CO,ADAMS,2012,5054626407386.292
7,7,CO,ADAMS,2013,4222711356514.779
8,8,CO,ADAMS,2014,4412762522433.364
9,9,CO,ALAMOSA,2006,19881471238.755917
10,10,CO,ALAMOSA,2007,25779409059.693176
11,11,CO,ALAMOSA,2008,31899613924.77458
12,12,CO,ALAMOSA,2009,36889254513.92585
13,13,CO,ALAMOSA,2010,39449062816.05805
14,14,CO,ALAMOSA,2011,52481309986.55657
15,15,CO,ALAMOSA,2012,72135378233.62737
16,16,CO,ALAMOSA,2013,61273631657.26879
17,17,CO,ALAMOSA,2014,38567267340.03
18,18,CO,ARAPAHOE,2006,3083348348469.397
19,19,CO,ARAPAHOE,2007,4038672271248.8345
20,20,CO,ARAPAHOE,2008,4951563478656.387
21,21,CO,ARAPAHOE,2009,5726848913597.634
22,22,CO,ARAPAHOE,2010,6261929064966.429
23,23,CO,ARAPAHOE,2011,7295198490945.758
24,24,CO,ARAPAHOE,2012,8222506490199.041
25,25,CO,ARAPAHOE,2013,8059515801797.885
26,26,CO,ARAPAHOE,2014,8167348119817.112
27,27,CO,ARCHULETA,2006,593755627.2715
28,28,CO,ARCHULETA,2007,775158720.4209001
29,29,CO,ARCHULETA,2008,824925814.7624998
30,30,CO,ARCHULETA,2009,1089975193.677775
31,31,CO,ARCHULETA,2010,1163956426.963875
32,32,CO,ARCHULETA,2011,1356819994.918575
33,33,CO,ARCHULETA,2012,1880380108.8
34,34,CO,ARCHULETA,2013,2391088020.962025
35,35,CO,ARCHULETA,2014,2531739718.6092
36,36,CO,BACA,2006,153413742.0
37,37,CO,BACA,2007,226051254.0
38,38,CO,BACA,2008,196008353.7
39,39,CO,BACA,2009,155121331.11249998
40,40,CO,BACA,2010,235725791.43750003
41,41,CO,BACA,2011,360969863.0125
42,42,CO,BACA,2012,171726975.0
43,43,CO,BACA,2013,185135471.95
44,44,CO,BACA,2014,240582749.7625
45,45,CO,BENT,2006,186811417.8375
46,46,CO,BENT,2007,303643544.25
47,47,CO,BENT,2008,425870532.2000001
48,48,CO,BENT,2009,447643972.8
49,49,CO,BENT,2010,584649013.1543001
50,50,CO,BENT,2011,944807439.7795248
51,51,CO,BENT,2012,1083612628.45
52,52,CO,BENT,2013,959489704.8444376
53,53,CO,BENT,2014,674620493.4000001
54,54,CO,BOULDER,2006,1126030903962.921
55,55,CO,BOULDER,2007,1489568262950.1565
56,56,CO,BOULDER,2008,1872510231271.4385
57,57,CO,BOULDER,2009,2028574202674.3137
58,58,CO,BOULDER,2010,2407279256565.7466
59,59,CO,BOULDER,2011,2565274323845.5195
60,60,CO,BOULDER,2012,2566476801852.156
61,61,CO,BOULDER,2013,2372163124828.416
62,62,CO,BOULDER,2014,1899610234507.5132
63,63,CO,BROOMFIELD,2006,34471165393.54504
64,64,CO,BROOMFIELD,2007,53984974574.909004
65,65,CO,BROOMFIELD,2008,63579730487.2275
66,66,CO,BROOMFIELD,2009,85699235685.69919
67,67,CO,BROOMFIELD,2010,131769414437.34917
68,68,CO,BROOMFIELD,2011,220323682554.49475
69,69,CO,BROOMFIELD,2012,265794503522.0118
70,70,CO,BROOMFIELD,2013,253732763512.6877
71,71,CO,BROOMFIELD,2014,208981400718.39795
72,72,CO,CHAFFEE,2006,11310611164.0915
73,73,CO,CHAFFEE,2007,12459892442.95116
74,74,CO,CHAFFEE,2008,16513064900.0965
75,75,CO,CHAFFEE,2009,14645335489.683802
76,76,CO,CHAFFEE,2010,17386493473.154137
77,77,CO,CHAFFEE,2011,23156499259.15106
78,78,CO,CHAFFEE,2012,25232161372.7919
79,79,CO,CHAFFEE,2013,22954495665.1728
80,80,CO,CHAFFEE,2014,21400628932.86256
81,81,CO,CHEYENNE,2006,13199159.04
82,82,CO,CHEYENNE,2007,14177926.06
83,83,CO,CHEYENNE,2008,22351607.975
84,84,CO,CHEYENNE,2009,33386077.95
85,85,CO,CHEYENNE,2010,105369074.525
86,86,CO,CHEYENNE,2011,80606999.2
87,87,CO,CHEYENNE,2012,57950956.215
88,88,CO,CHEYENNE,2013,105506976.0
89,89,CO,CHEYENNE,2014,154256413.14
90,90,CO,CLEAR CREEK,2006,838016999.9325001
91,91,CO,CLEAR CREEK,2007,1537170638.4
92,92,CO,CLEAR CREEK,2008,1743641755.5375
93,93,CO,CLEAR CREEK,2009,2061294900.0
94,94,CO,CLEAR CREEK,2010,3057843424.95
95,95,CO,CLEAR CREEK,2011,2770987013.34
96,96,CO,CLEAR CREEK,2012,995719150.2188376
97,97,CO,CLEAR CREEK,2013,1093881525.292987
98,98,CO,CLEAR CREEK,2014,1030352422.3875
99,99,CO,CONEJOS,2006,730783047.918
100,100,CO,CONEJOS,2007,907453712.5775
101,101,CO,CONEJOS,2008,1235367992.275
102,102,CO,CONEJOS,2009,1537316229.625
103,103,CO,CONEJOS,2010,1985267810.4875
104,104,CO,CONEJOS,2011,2944226821.575
105,105,CO,CONEJOS,2012,4867953609.965
106,106,CO,CONEJOS,2013,4903839495.8530245
107,107,CO,CONEJOS,2014,1701082175.0
108,108,CO,CROWLEY,2006,746574036.5124999
109,109,CO,CROWLEY,2007,1000316358.175
110,110,CO,CROWLEY,2008,819458296.075
111,111,CO,CROWLEY,2009,920361707.3973374
112,112,CO,CROWLEY,2010,1358958067.38315
113,113,CO,CROWLEY,2011,1262399085.375
114,114,CO,CROWLEY,2012,1259014559.274575
115,115,CO,CROWLEY,2013,1124486043.492825
116,116,CO,CROWLEY,2014,811707304.725
117,117,CO,CUSTER,2006,13621.499999999998
118,118,CO,CUSTER,2007,12108.0
119,119,CO,CUSTER,2009,605.4000000000001
120,120,CO,CUSTER,2010,6054.0
121,121,CO,CUSTER,2011,24216.0
122,122,CO,CUSTER,2012,36626.7
123,123,CO,CUSTER,2013,46010.4
124,124,CO,CUSTER,2014,15158.75
125,125,CO,DELTA,2006,34094576988.24188
126,126,CO,DELTA,2007,50690130105.66653
127,127,CO,DELTA,2008,66787220615.68593
128,128,CO,DELTA,2009,57218339315.44459
129,129,CO,DELTA,2010,50445042294.6701
130,130,CO,DELTA,2011,52228008256.592
131,131,CO,DELTA,2012,53009941101.78431
132,132,CO,DELTA,2013,43913612724.14516
133,133,CO,DELTA,2014,40480565792.31952
134,134,CO,DENVER,2006,1534197848602.845
135,135,CO,DENVER,2007,2142326413792.0125
136,136,CO,DENVER,2008,2612122811123.3457
137,137,CO,DENVER,2009,3207211861962.6787
138,138,CO,DENVER,2010,3922267020492.1934
139,139,CO,DENVER,2011,4685327432398.218
140,140,CO,DENVER,2012,5179241436386.449
141,141,CO,DENVER,2013,4584820235978.456
142,142,CO,DENVER,2014,4081926181078.285
143,143,CO,DOUGLAS,2006,566222504495.7249
144,144,CO,DOUGLAS,2007,766608219056.861
145,145,CO,DOUGLAS,2008,890610095711.2478
146,146,CO,DOUGLAS,2009,998541310286.8138
147,147,CO,DOUGLAS,2010,1143087931320.961
148,148,CO,DOUGLAS,2011,1194089540790.899
149,149,CO,DOUGLAS,2012,1380290445713.0603
150,150,CO,DOUGLAS,2013,1216740698243.9597
151,151,CO,DOUGLAS,2014,1072414639833.6946
152,152,CO,EAGLE,2006,27842903935.054653
153,153,CO,EAGLE,2007,38069015420.522
154,154,CO,EAGLE,2008,44220977418.61021
155,155,CO,EAGLE,2009,52052207098.752
156,156,CO,EAGLE,2010,65249437452.54392
157,157,CO,EAGLE,2011,62825638716.35505
158,158,CO,EAGLE,2012,65489076919.928406
159,159,CO,EAGLE,2013,63318983252.04917
160,160,CO,EAGLE,2014,57229422379.92089
161,161,CO,EL PASO,2006,4293684161278.1274
162,162,CO,EL PASO,2007,5562594981453.295
163,163,CO,EL PASO,2008,6885731700903.381
164,164,CO,EL PASO,2009,7318128299734.792
165,165,CO,EL PASO,2010,8673513819003.276
166,166,CO,EL PASO,2011,10049148339341.877
167,167,CO,EL PASO,2012,11772034498989.96
168,168,CO,EL PASO,2013,11660450903127.074
169,169,CO,EL PASO,2014,11523504295623.115
170,170,CO,ELBERT,2006,1190022135.1475
171,171,CO,ELBERT,2007,1806332068.7001624
172,172,CO,ELBERT,2008,2192338625.926075
173,173,CO,ELBERT,2009,3082249181.5002747
174,174,CO,ELBERT,2010,5400020580.025
175,175,CO,ELBERT,2011,5982769891.67
176,176,CO,ELBERT,2012,5845272212.4033375
177,177,CO,ELBERT,2013,4775447742.438125
178,178,CO,ELBERT,2014,6361472742.772125
179,179,CO,FREMONT,2006,51813387623.7384
180,180,CO,FREMONT,2007,63336091900.9412
181,181,CO,FREMONT,2008,84919456423.6155
182,182,CO,FREMONT,2009,95570010479.32697
183,183,CO,FREMONT,2010,98406121937.731
184,184,CO,FREMONT,2011,114039559181.95
185,185,CO,FREMONT,2012,116842910676.81238
186,186,CO,FREMONT,2013,99110701306.0388
187,187,CO,FREMONT,2014,83261004756.02
188,188,CO,GARFIELD,2006,68365352634.91544
189,189,CO,GARFIELD,2007,101647577908.9976
190,190,CO,GARFIELD,2008,110216017153.12498
191,191,CO,GARFIELD,2009,98991899212.75604
192,192,CO,GARFIELD,2010,104115392177.75688
193,193,CO,GARFIELD,2011,107096494698.30176
194,194,CO,GARFIELD,2012,102160300465.97696
195,195,CO,GARFIELD,2013,81313925688.84149
196,196,CO,GARFIELD,2014,72695625562.49649
197,197,CO,GILPIN,2006,22811873.018
198,198,CO,GILPIN,2007,20831983.158
199,199,CO,GILPIN,2008,9272273.985
200,200,CO,GILPIN,2009,36022069.3625
201,201,CO,GILPIN,2010,70643545.6625
202,202,CO,GILPIN,2011,217880744.8125
203,203,CO,GILPIN,2012,138397365.75
204,204,CO,GILPIN,2013,17819654.874999996
205,205,CO,GILPIN,2014,3276885.9999999995
206,206,CO,GRAND,2006,2063600428.787
207,207,CO,GRAND,2007,2498699491.76
208,208,CO,GRAND,2008,3510806680.557625
209,209,CO,GRAND,2009,2636841997.9030247
210,210,CO,GRAND,2010,2633132639.953
211,211,CO,GRAND,2011,2628977662.881525
212,212,CO,GRAND,2012,2943865709.193325
213,213,CO,GRAND,2013,2788830335.3
214,214,CO,GRAND,2014,1850510152.7434504
215,215,CO,GUNNISON,2006,2100622577.88
216,216,CO,GUNNISON,2007,1995538100.22
217,217,CO,GUNNISON,2008,2275408725.3825
218,218,CO,GUNNISON,2009,3067341594.1175003
219,219,CO,GUNNISON,2010,3511423629.64125
220,220,CO,GUNNISON,2011,3442415757.232501
221,221,CO,GUNNISON,2012,3383655530.571249
222,222,CO,GUNNISON,2013,2774378596.7346
223,223,CO,GUNNISON,2014,2452318926.1767626
224,224,CO,HINSDALE,2006,4086.45
225,225,CO,HINSDALE,2007,6175.08
226,226,CO,HINSDALE,2008,32419.17
227,227,CO,HINSDALE,2009,32691.6
228,228,CO,HINSDALE,2010,7870.200000000001
229,229,CO,HINSDALE,2011,12259.35
230,230,CO,HINSDALE,2012,6356.700000000001
231,231,CO,HINSDALE,2013,8172.900000000001
232,232,CO,HINSDALE,2014,6054.0
233,233,CO,HUERFANO,2006,980204133.1
234,234,CO,HUERFANO,2007,869078971.25
235,235,CO,HUERFANO,2008,1213466781.5
236,236,CO,HUERFANO,2009,1466510673.75
237,237,CO,HUERFANO,2010,2463872166.525
238,238,CO,HUERFANO,2011,3597989281.6875
239,239,CO,HUERFANO,2012,3704494836.597375
240,240,CO,HUERFANO,2013,3882879825.1101503
241,241,CO,HUERFANO,2014,3044015509.8325
242,242,CO,JEFFERSON,2006,6457589377132.367
243,243,CO,JEFFERSON,2007,8611890016974.64
244,244,CO,JEFFERSON,2008,9991118020650.473
245,245,CO,JEFFERSON,2009,10482905566762.48
246,246,CO,JEFFERSON,2010,11039436309073.031
247,247,CO,JEFFERSON,2011,12998246626682.57
248,248,CO,JEFFERSON,2012,14743958303290.7
249,249,CO,JEFFERSON,2013,13081802429736.234
250,250,CO,JEFFERSON,2014,12103254778509.75
251,251,CO,KIOWA,2006,37256664.9
252,252,CO,KIOWA,2007,73437163.62499999
253,253,CO,KIOWA,2008,110340443.7
254,254,CO,KIOWA,2009,132822784.3375
255,255,CO,KIOWA,2010,182222852.6890625
256,256,CO,KIOWA,2011,172133517.32500002
257,257,CO,KIOWA,2012,115012380.51885
258,258,CO,KIOWA,2013,182640379.50000003
259,259,CO,KIOWA,2014,206394398.525
260,260,CO,KIT CARSON,2006,87179446.2
261,261,CO,KIT CARSON,2007,158721826.42499998
262,262,CO,KIT CARSON,2008,203524416.6375
263,263,CO,KIT CARSON,2009,269458691.125
264,264,CO,KIT CARSON,2010,297918945.0
265,265,CO,KIT CARSON,2011,253017751.25
266,266,CO,KIT CARSON,2012,289835686.7
267,267,CO,KIT CARSON,2013,207676628.6625
268,268,CO,KIT CARSON,2014,214110630.6
269,269,CO,LA PLATA,2006,29829283298.6631
270,270,CO,LA PLATA,2007,34125698861.2319
271,271,CO,LA PLATA,2008,32027053500.581253
272,272,CO,LA PLATA,2009,32035827184.749306
273,273,CO,LA PLATA,2010,32563374638.51657
274,274,CO,LA PLATA,2011,41740402740.207504
275,275,CO,LA PLATA,2012,49111452877.1427
276,276,CO,LA PLATA,2013,40572128434.2
277,277,CO,LA PLATA,2014,36011112292.759995
278,278,CO,LAKE,2006,681137407.3499999
279,279,CO,LAKE,2007,1011559796.8125
280,280,CO,LAKE,2008,863177694.75
281,281,CO,LAKE,2009,766741880.5978
282,282,CO,LAKE,2010,1072525726.5
283,283,CO,LAKE,2011,1830666499.2
284,284,CO,LAKE,2012,1753186300.1874998
285,285,CO,LAKE,2013,1345429165.5
286,286,CO,LAKE,2014,1380071234.5
287,287,CO,LARIMER,2006,1622453184665.043
288,288,CO,LARIMER,2007,2151086102808.578
289,289,CO,LARIMER,2008,2589269449578.26
290,290,CO,LARIMER,2009,2831254531769.9907
291,291,CO,LARIMER,2010,3284072586634.772
292,292,CO,LARIMER,2011,3675257460299.3296
293,293,CO,LARIMER,2012,3921683525303.6143
294,294,CO,LARIMER,2013,3687452548112.573
295,295,CO,LARIMER,2014,3541348572127.564
296,296,CO,LAS ANIMAS,2006,15353897341.0605
297,297,CO,LAS ANIMAS,2007,11024455160.084538
298,298,CO,LAS ANIMAS,2008,15457892209.336264
299,299,CO,LAS ANIMAS,2009,14677586612.7625
300,300,CO,LAS ANIMAS,2010,17401740140.3625
301,301,CO,LAS ANIMAS,2011,17659994486.14
302,302,CO,LAS ANIMAS,2012,21128031595.77
303,303,CO,LAS ANIMAS,2013,23785989154.2
304,304,CO,LAS ANIMAS,2014,27225269700.145
305,305,CO,LINCOLN,2006,394052753.92
306,306,CO,LINCOLN,2007,533051737.66087496
307,307,CO,LINCOLN,2008,879059736.2999998
308,308,CO,LINCOLN,2009,1217287047.225
309,309,CO,LINCOLN,2010,1596421249.6750002
310,310,CO,LINCOLN,2011,1418539383.95
311,311,CO,LINCOLN,2012,1917084946.05
312,312,CO,LINCOLN,2013,2015137828.2
313,313,CO,LINCOLN,2014,1295679723.0
314,314,CO,LOGAN,2006,6836271911.6805
315,315,CO,LOGAN,2007,8784781721.958351
316,316,CO,LOGAN,2008,7036624627.687799
317,317,CO,LOGAN,2009,8671128531.4641
318,318,CO,LOGAN,2010,9181273080.408625
319,319,CO,LOGAN,2011,10239237818.15575
320,320,CO,LOGAN,2012,13491757522.162502
321,321,CO,LOGAN,2013,13550798556.087215
322,322,CO,LOGAN,2014,15068530577.752815
323,323,CO,MESA,2006,392112667244.0821
324,324,CO,MESA,2007,523124898911.5978
325,325,CO,MESA,2008,588801944339.9521
326,326,CO,MESA,2009,611166996302.9166
327,327,CO,MESA,2010,635413697667.5243
328,328,CO,MESA,2011,705323241484.8287
329,329,CO,MESA,2012,776022872083.3484
330,330,CO,MESA,2013,671180622154.614
331,331,CO,MESA,2014,590235227518.9868
332,332,CO,MINERAL,2010,302.70000000000005
333,333,CO,MOFFAT,2006,2881580698.850962
334,334,CO,MOFFAT,2007,4455829342.374325
335,335,CO,MOFFAT,2008,5046135225.847501
336,336,CO,MOFFAT,2009,8201618575.924999
337,337,CO,MOFFAT,2010,10705832390.5
338,338,CO,MOFFAT,2011,13041698392.0962
339,339,CO,MOFFAT,2012,13398399052.1227
340,340,CO,MOFFAT,2013,9758670698.76814
341,341,CO,MOFFAT,2014,9362211421.587374
342,342,CO,MONTEZUMA,2006,12911864934.695513
343,343,CO,MONTEZUMA,2007,18255787241.9328
344,344,CO,MONTEZUMA,2008,23026522517.0658
345,345,CO,MONTEZUMA,2009,21614887692.3
346,346,CO,MONTEZUMA,2010,26044743376.705627
347,347,CO,MONTEZUMA,2011,26390494042.61156
348,348,CO,MONTEZUMA,2012,30789649347.3234
349,349,CO,MONTEZUMA,2013,28207696352.9712
350,350,CO,MONTEZUMA,2014,25236343372.591484
351,351,CO,MONTROSE,2006,19339235309.59015
352,352,CO,MONTROSE,2007,33546249942.679317
353,353,CO,MONTROSE,2008,35569201364.8329
354,354,CO,MONTROSE,2009,41881790238.8746
355,355,CO,MONTROSE,2010,44158606096.39324
356,356,CO,MONTROSE,2011,51534099584.387
357,357,CO,MONTROSE,2012,55614470316.53205
358,358,CO,MONTROSE,2013,53036140239.65419
359,359,CO,MONTROSE,2014,45070734830.5461
360,360,CO,MORGAN,2006,9549986222.575998
361,361,CO,MORGAN,2007,10456058602.0275
362,362,CO,MORGAN,2008,13210443492.15
363,363,CO,MORGAN,2009,14346504079.875
364,364,CO,MORGAN,2010,16320043364.9277
365,365,CO,MORGAN,2011,21253260680.6184
366,366,CO,MORGAN,2012,23443191994.70655
367,367,CO,MORGAN,2013,20827968461.127712
368,368,CO,MORGAN,2014,23858378859.63896
369,369,CO,OTERO,2006,16006326773.619753
370,370,CO,OTERO,2007,19188863590.042023
371,371,CO,OTERO,2008,24617431013.704758
372,372,CO,OTERO,2009,29419280394.28702
373,373,CO,OTERO,2010,47345865270.89318
374,374,CO,OTERO,2011,62937430292.27587
375,375,CO,OTERO,2012,73886152925.39137
376,376,CO,OTERO,2013,41883955466.93573
377,377,CO,OTERO,2014,33171310644.6645
378,378,CO,OURAY,2006,312460574.62950003
379,379,CO,OURAY,2007,278665222.95000005
380,380,CO,OURAY,2008,239812136.325
381,381,CO,OURAY,2009,273454584.375
382,382,CO,OURAY,2010,307411292.6
383,383,CO,OURAY,2011,498592654.0
384,384,CO,OURAY,2012,584811980.0500001
385,385,CO,OURAY,2013,667255195.9375001
386,386,CO,OURAY,2014,675873230.5699999
387,387,CO,PARK,2006,477759330.625
388,388,CO,PARK,2007,506952609.475
389,389,CO,PARK,2008,371121939.7375
390,390,CO,PARK,2009,339509028.0
391,391,CO,PARK,2010,530713481.8022499
392,392,CO,PARK,2011,662835494.3055125
393,393,CO,PARK,2012,636474444.0
394,394,CO,PARK,2013,496878562.2
395,395,CO,PARK,2014,173301818.908875
396,396,CO,PHILLIPS,2006,92173986.1875
397,397,CO,PHILLIPS,2007,77226510.625
398,398,CO,PHILLIPS,2008,85421144.39999999
399,399,CO,PHILLIPS,2009,117635909.2125
400,400,CO,PHILLIPS,2010,114297375.5
401,401,CO,PHILLIPS,2011,212073977.925
402,402,CO,PHILLIPS,2012,151837061.35
403,403,CO,PHILLIPS,2013,471667782.25
404,404,CO,PHILLIPS,2014,389760869.0124999
405,405,CO,PITKIN,2006,1097686683.7611752
406,406,CO,PITKIN,2007,1068604603.64855
407,407,CO,PITKIN,2008,1159017060.573725
408,408,CO,PITKIN,2009,1275866379.4909
409,409,CO,PITKIN,2010,885814235.39
410,410,CO,PITKIN,2011,1211364847.2843375
411,411,CO,PITKIN,2012,1442980360.7542624
412,412,CO,PITKIN,2013,1413100275.931575
413,413,CO,PITKIN,2014,1418108790.9820373
414,414,CO,PROWERS,2006,4115457190.445
415,415,CO,PROWERS,2007,4142171723.0175
416,416,CO,PROWERS,2008,5022470619.25
417,417,CO,PROWERS,2009,6168227154.075
418,418,CO,PROWERS,2010,7942634000.5125
419,419,CO,PROWERS,2011,9769499897.325
420,420,CO,PROWERS,2012,11253809456.840002
421,421,CO,PROWERS,2013,6872584956.09
422,422,CO,PROWERS,2014,5925866188.275001
423,423,CO,PUEBLO,2006,1065566440345.4016
424,424,CO,PUEBLO,2007,1509215526982.7942
425,425,CO,PUEBLO,2008,2126560130997.264
426,426,CO,PUEBLO,2009,2637534566124.658
427,427,CO,PUEBLO,2010,3407828480834.061
428,428,CO,PUEBLO,2011,4331173950515.985
429,429,CO,PUEBLO,2012,4866785666955.47
430,430,CO,PUEBLO,2013,3186522166753.038
431,431,CO,PUEBLO,2014,2312049899022.212
432,432,CO,RIO BLANCO,2006,219951999.4875
433,433,CO,RIO BLANCO,2007,273005219.99249995
434,434,CO,RIO BLANCO,2008,298537888.57500005
435,435,CO,RIO BLANCO,2009,83856298.4375
436,436,CO,RIO BLANCO,2010,403520306.12500006
437,437,CO,RIO BLANCO,2011,678699310.5
438,438,CO,RIO BLANCO,2012,1308548127.796675
439,439,CO,RIO BLANCO,2013,1098683053.4875
440,440,CO,RIO BLANCO,2014,417456313.75
441,441,CO,RIO GRANDE,2006,1908903054.366
442,442,CO,RIO GRANDE,2007,706155993.6
443,443,CO,RIO GRANDE,2008,1056221963.66
444,444,CO,RIO GRANDE,2009,1695225191.275
445,445,CO,RIO GRANDE,2010,2116028504.0
446,446,CO,RIO GRANDE,2011,3710147404.12525
447,447,CO,RIO GRANDE,2012,7642563767.020749
448,448,CO,RIO GRANDE,2013,8019868274.1875
449,449,CO,RIO GRANDE,2014,6933336778.0925
450,450,CO,ROUTT,2006,11719080112.5555
451,451,CO,ROUTT,2007,15128777352.717
452,452,CO,ROUTT,2008,14133509889.248323
453,453,CO,ROUTT,2009,14112368069.960123
454,454,CO,ROUTT,2010,16422762726.06495
455,455,CO,ROUTT,2011,18165203983.49865
456,456,CO,ROUTT,2012,18687343779.73174
457,457,CO,ROUTT,2013,15408902180.701574
458,458,CO,ROUTT,2014,13709311770.286425
459,459,CO,SAGUACHE,2006,10897.2
460,460,CO,SAGUACHE,2007,302.70000000000005
461,461,CO,SAGUACHE,2008,302.70000000000005
462,462,CO,SAGUACHE,2009,59934.600000000006
463,463,CO,SAGUACHE,2010,14529.600000000002
464,464,CO,SAGUACHE,2011,3027.0
465,465,CO,SAGUACHE,2012,10897.2
466,466,CO,SAGUACHE,2013,49945.5
467,467,CO,SAGUACHE,2014,3632.400000000001
468,468,CO,SAN JUAN,2006,242.16
469,469,CO,SAN MIGUEL,2006,198156045.7875
470,470,CO,SAN MIGUEL,2007,202123405.825
471,471,CO,SAN MIGUEL,2008,230274079.7375
472,472,CO,SAN MIGUEL,2009,180448617.05
473,473,CO,SAN MIGUEL,2010,264080666.78455
474,474,CO,SAN MIGUEL,2011,246031150.2875
475,475,CO,SAN MIGUEL,2012,254466160.2
476,476,CO,SAN MIGUEL,2013,309428494.73685
477,477,CO,SAN MIGUEL,2014,285977115.6
478,478,CO,SEDGWICK,2006,109390424.925
479,479,CO,SEDGWICK,2007,123882056.1
480,480,CO,SEDGWICK,2008,160501815.45000002
481,481,CO,SEDGWICK,2009,156398970.0
482,482,CO,SEDGWICK,2010,213911194.28000003
483,483,CO,SEDGWICK,2011,517687936.50000006
484,484,CO,SEDGWICK,2012,623975658.15
485,485,CO,SEDGWICK,2013,353577270.33750004
486,486,CO,SEDGWICK,2014,297805688.1
487,487,CO,SUMMIT,2006,10512705353.64
488,488,CO,SUMMIT,2007,12794192206.667002
489,489,CO,SUMMIT,2008,11472551937.000002
490,490,CO,SUMMIT,2009,10944766445.925
491,491,CO,SUMMIT,2010,13344837044.43
492,492,CO,SUMMIT,2011,17536325457.137497
493,493,CO,SUMMIT,2012,20951313823.2624
494,494,CO,SUMMIT,2013,16778990663.911572
495,495,CO,SUMMIT,2014,16709423105.851076
496,496,CO,TELLER,2006,9296121712.712
497,497,CO,TELLER,2007,11964088921.257
498,498,CO,TELLER,2008,19536075513.36
499,499,CO,TELLER,2009,24858138251.55
500,500,CO,TELLER,2010,29768515960.26705
501,501,CO,TELLER,2011,41164473716.492775
502,502,CO,TELLER,2012,55710443417.398
503,503,CO,TELLER,2013,50132114734.65493
504,504,CO,TELLER,2014,49556171187.19249
505,505,CO,WASHINGTON,2006,46927920.0
506,506,CO,WASHINGTON,2007,32416280.000000004
507,507,CO,WASHINGTON,2008,26552196.776525
508,508,CO,WELD,2006,663094035082.9806
509,509,CO,WELD,2007,871725813031.5261
510,510,CO,WELD,2008,1131059703631.0603
511,511,CO,WELD,2009,1341195439818.2188
512,512,CO,WELD,2010,1775278285488.759
513,513,CO,WELD,2011,2298323805693.512
514,514,CO,WELD,2012,2574186322371.04
515,515,CO,WELD,2013,2277921282883.488
516,516,CO,WELD,2014,1909654345995.8867
517,517,CO,YUMA,2006,873408384.254
518,518,CO,YUMA,2007,1114724569.6125
519,519,CO,YUMA,2008,1388855002.8000002
520,520,CO,YUMA,2009,1897220055.8875
521,521,CO,YUMA,2010,1849408713.3125
522,522,CO,YUMA,2011,2021950234.5575
523,523,CO,YUMA,2012,2532656314.7556
524,524,CO,YUMA,2013,3396780367.662975
525,525,CO,YUMA,2014,3120596812.96
0,0,FL,ALACHUA,2006,1645948320669.0007
1,1,FL,ALACHUA,2007,1972812101019.2856
2,2,FL,ALACHUA,2008,2540521825968.202
3,3,FL,ALACHUA,2009,3180395323310.3413
4,4,FL,ALACHUA,2010,3293852490635.9067
5,5,FL,ALACHUA,2011,3141791386973.527
6,6,FL,ALACHUA,2012,2639932290142.4067
7,7,FL,ALACHUA,2013,2304475644241.7505
8,8,FL,ALACHUA,2014,2077070336999.51
9,9,FL,BAKER,2006,32829164285.8875
10,10,FL,BAKER,2007,38974069660.92075
11,11,FL,BAKER,2008,46718049992.40032
12,12,FL,BAKER,2009,58780713327.795
13,13,FL,BAKER,2010,106538093594.36
14,14,FL,BAKER,2011,120133144001.0325
15,15,FL,BAKER,2012,75986565944.96251
16,16,FL,BAKER,2013,62718961060.1675
17,17,FL,BAKER,2014,44556537096.0
18,18,FL,BAY,2006,1264406192009.7383
19,19,FL,BAY,2007,1232434876327.3823
20,20,FL,BAY,2008,1361477042226.24
21,21,FL,BAY,2009,1349815301764.3784
22,22,FL,BAY,2010,1513359416331.2964
23,23,FL,BAY,2011,1564800876724.1704
24,24,FL,BAY,2012,1552655522923.5488
25,25,FL,BAY,2013,1653875872275.44
26,26,FL,BAY,2014,1554793212877.4766
27,27,FL,BRADFORD,2006,41513278748.2266
28,28,FL,BRADFORD,2007,57386821641.38325
29,29,FL,BRADFORD,2008,64372070371.687
30,30,FL,BRADFORD,2009,80963519433.92456
31,31,FL,BRADFORD,2010,107808540407.4624
32,32,FL,BRADFORD,2011,87919212547.125
33,33,FL,BRADFORD,2012,63596446159.04
34,34,FL,BRADFORD,2013,46010138303.8
35,35,FL,BRADFORD,2014,36502593308.94
36,36,FL,BREVARD,2006,10817482693104.322
37,37,FL,BREVARD,2007,14246829214874.344
38,38,FL,BREVARD,2008,18569730272319.207
39,39,FL,BREVARD,2009,20134138691987.24
40,40,FL,BREVARD,2010,28943792120041.89
41,41,FL,BREVARD,2011,28373154242777.133
42,42,FL,BREVARD,2012,21890897937922.99
43,43,FL,BREVARD,2013,19582662786583.742
44,44,FL,BREVARD,2014,17451365683762.8
45,45,FL,BROWARD,2006,144903185774908.8
46,46,FL,BROWARD,2007,214933476679023.38
47,47,FL,BROWARD,2008,282187776786583.5
48,48,FL,BROWARD,2009,347610245860943.7
49,49,FL,BROWARD,2010,425804122181916.3
50,50,FL,BROWARD,2011,190707980151317.25
51,51,FL,BROWARD,2012,93516486101457.05
52,52,FL,BROWARD,2013,68446989610453.99
53,53,FL,BROWARD,2014,58387756437059.01
54,54,FL,CALHOUN,2006,1849038315.006
55,55,FL,CALHOUN,2007,2270080615.2830005
56,56,FL,CALHOUN,2008,2636748439.6875
57,57,FL,CALHOUN,2009,3241233280.53
58,58,FL,CALHOUN,2010,3729714045.8175
59,59,FL,CALHOUN,2011,3479063921.306262
60,60,FL,CALHOUN,2012,3298027322.79
61,61,FL,CALHOUN,2013,3891825595.163188
62,62,FL,CALHOUN,2014,3063120517.485
63,63,FL,CHARLOTTE,2006,1280843274935.971
64,64,FL,CHARLOTTE,2007,1708320334217.825
65,65,FL,CHARLOTTE,2008,2319796998981.428
66,66,FL,CHARLOTTE,2009,3007871776249.758
67,67,FL,CHARLOTTE,2010,3795263892275.525
68,68,FL,CHARLOTTE,2011,3464068903768.4995
69,69,FL,CHARLOTTE,2012,1970078134482.2644
70,70,FL,CHARLOTTE,2013,1359277604228.1506
71,71,FL,CHARLOTTE,2014,1191316586130.3872
72,72,FL,CITRUS,2006,712815873025.1586
73,73,FL,CITRUS,2007,901922565257.5056
74,74,FL,CITRUS,2008,1123882251925.383
75,75,FL,CITRUS,2009,1264143448658.6094
76,76,FL,CITRUS,2010,1857776251975.04
77,77,FL,CITRUS,2011,2397812046339.356
78,78,FL,CITRUS,2012,1639166147291.331
79,79,FL,CITRUS,2013,1268382384560.0703
80,80,FL,CITRUS,2014,1064984557107.1986
81,81,FL,CLAY,2006,1318125480231.8855
82,82,FL,CLAY,2007,1834971110786.533
83,83,FL,CLAY,2008,2191170306794.9243
84,84,FL,CLAY,2009,2731687795638.564
85,85,FL,CLAY,2010,3197579100595.1265
86,86,FL,CLAY,2011,3324589345396.8784
87,87,FL,CLAY,2012,3096077181273.678
88,88,FL,CLAY,2013,2476028873612.9546
89,89,FL,CLAY,2014,1738707018332.0437
90,90,FL,COLLIER,2006,2614821820606.316
91,91,FL,COLLIER,2007,3273790698385.0586
92,92,FL,COLLIER,2008,3759288343038.381
93,93,FL,COLLIER,2009,5181679049378.408
94,94,FL,COLLIER,2010,6157031915821.158
95,95,FL,COLLIER,2011,4965551673168.862
96,96,FL,COLLIER,2012,3281630031311.942
97,97,FL,COLLIER,2013,3000834739440.023
98,98,FL,COLLIER,2014,2519724736206.002
99,99,FL,COLUMBIA,2006,187244331496.56845
100,100,FL,COLUMBIA,2007,200991565508.1473
101,101,FL,COLUMBIA,2008,297605325153.45624
102,102,FL,COLUMBIA,2009,358475604798.0446
103,103,FL,COLUMBIA,2010,543796016113.4328
104,104,FL,COLUMBIA,2011,516397039674.0
105,105,FL,COLUMBIA,2012,490468369409.36993
106,106,FL,COLUMBIA,2013,427839533690.2987
107,107,FL,COLUMBIA,2014,343530521650.25696
108,108,FL,DE SOTO,2006,16411780571.241
109,109,FL,DE SOTO,2007,16471180130.97771
110,110,FL,DE SOTO,2008,14577868817.55
111,111,FL,DE SOTO,2009,18860892442.0875
112,112,FL,DE SOTO,2010,28201290036.0
113,113,FL,DE SOTO,2011,39516941096.13251
114,114,FL,DE SOTO,2012,38238681554.55
115,115,FL,DE SOTO,2013,30366526630.428265
116,116,FL,DE SOTO,2014,29930933336.68916
117,117,FL,DIXIE,2006,2452326889.4
118,118,FL,DIXIE,2007,2626218238.0016
119,119,FL,DIXIE,2008,2788426135.3900003
120,120,FL,DIXIE,2009,2346122078.501925
121,121,FL,DIXIE,2010,2250276746.6
122,122,FL,DIXIE,2011,2057841908.19
123,123,FL,DIXIE,2012,2813307839.2975626
124,124,FL,DIXIE,2013,3003784245.5919
125,125,FL,DIXIE,2014,2877037385.565
126,126,FL,DUVAL,2006,23761707419801.22
127,127,FL,DUVAL,2007,29729708054660.773
128,128,FL,DUVAL,2008,34911771792680.92
129,129,FL,DUVAL,2009,47110524791975.18
130,130,FL,DUVAL,2010,70199243262245.65
131,131,FL,DUVAL,2011,63238920255894.23
132,132,FL,DUVAL,2012,54392104005103.37
133,133,FL,DUVAL,2013,47379660447458.766
134,134,FL,DUVAL,2014,36006886794291.766
135,135,FL,ESCAMBIA,2006,2478522656118.5938
136,136,FL,ESCAMBIA,2007,3323452860194.26
137,137,FL,ESCAMBIA,2008,3482893979815.906
138,138,FL,ESCAMBIA,2009,3810640705244.014
139,139,FL,ESCAMBIA,2010,5097348100463.452
140,140,FL,ESCAMBIA,2011,4835715665934.134
141,141,FL,ESCAMBIA,2012,4117749470136.68
142,142,FL,ESCAMBIA,2013,3923333127075.455
143,143,FL,ESCAMBIA,2014,3367396255312.118
144,144,FL,FLAGLER,2006,150730166501.3946
145,145,FL,FLAGLER,2007,180212461056.04987
146,146,FL,FLAGLER,2008,233384175314.7773
147,147,FL,FLAGLER,2009,358328108724.20105
148,148,FL,FLAGLER,2010,450375209151.2232
149,149,FL,FLAGLER,2011,491928772087.1588
150,150,FL,FLAGLER,2012,487571114860.4605
151,151,FL,FLAGLER,2013,444732496489.4306
152,152,FL,FLAGLER,2014,395437602760.47687
153,153,FL,FRANKLIN,2006,1851940010.492
154,154,FL,FRANKLIN,2007,1722795731.1825
155,155,FL,FRANKLIN,2008,1790719041.6427
156,156,FL,FRANKLIN,2009,1471827634.0825
157,157,FL,FRANKLIN,2010,2582707747.9225
158,158,FL,FRANKLIN,2011,2149290821.961113
159,159,FL,FRANKLIN,2012,2334620767.98
160,160,FL,FRANKLIN,2013,3492370217.026388
161,161,FL,FRANKLIN,2014,2284849736.145
162,162,FL,GADSDEN,2006,16462035385.259472
163,163,FL,GADSDEN,2007,21603961289.935
164,164,FL,GADSDEN,2008,20522307935.64049
165,165,FL,GADSDEN,2009,22437876878.673813
166,166,FL,GADSDEN,2010,27719772487.47
167,167,FL,GADSDEN,2011,31236005327.67
168,168,FL,GADSDEN,2012,24806566218.898026
169,169,FL,GADSDEN,2013,22127159900.15
170,170,FL,GADSDEN,2014,18394657495.8
171,171,FL,GILCHRIST,2006,3235382598.3749995
172,172,FL,GILCHRIST,2007,3559449198.522
173,173,FL,GILCHRIST,2008,4948808516.4
174,174,FL,GILCHRIST,2009,7176540033.105787
175,175,FL,GILCHRIST,2010,7152346261.489025
176,176,FL,GILCHRIST,2011,7603012102.62
177,177,FL,GILCHRIST,2012,7471429108.849999
178,178,FL,GILCHRIST,2013,6981093419.547125
179,179,FL,GILCHRIST,2014,5686988554.403938
180,180,FL,GLADES,2009,304706900.70000005
181,181,FL,GLADES,2010,1367622359.3750002
182,182,FL,GLADES,2011,1363133224.6
183,183,FL,GLADES,2012,191706486.125
184,184,FL,GLADES,2013,63712474.20000001
185,185,FL,GLADES,2014,98912566.95
186,186,FL,GULF,2006,3858685003.784
187,187,FL,GULF,2007,4228914173.13125
188,188,FL,GULF,2008,4240556462.4275
189,189,FL,GULF,2009,3792226971.775
190,190,FL,GULF,2010,5770162822.999999
191,191,FL,GULF,2011,4571589336.594999
192,192,FL,GULF,2012,5514704575.38
193,193,FL,GULF,2013,5770246550.400001
194,194,FL,GULF,2014,6160705133.775001
195,195,FL,HAMILTON,2006,1145165808.293
196,196,FL,HAMILTON,2007,1549844086.362
197,197,FL,HAMILTON,2008,2545357002.074
198,198,FL,HAMILTON,2009,1605907191.405
199,199,FL,HAMILTON,2010,2844218479.6841125
200,200,FL,HAMILTON,2011,1569645123.97
201,201,FL,HAMILTON,2012,903315346.9875
202,202,FL,HAMILTON,2013,1207013248.9
203,203,FL,HAMILTON,2014,575481588.4125
204,204,FL,HARDEE,2006,6248145410.46
205,205,FL,HARDEE,2007,6947580139.395
206,206,FL,HARDEE,2008,8206668587.43
207,207,FL,HARDEE,2009,10702648521.0925
208,208,FL,HARDEE,2010,12092687074.215
209,209,FL,HARDEE,2011,14508895072.2925
210,210,FL,HARDEE,2012,12625120502.735325
211,211,FL,HARDEE,2013,11051894612.1285
212,212,FL,HARDEE,2014,10927427321.685
213,213,FL,HENDRY,2006,59824530474.83
214,214,FL,HENDRY,2007,80306773093.45303
215,215,FL,HENDRY,2008,89969763562.013
216,216,FL,HENDRY,2009,91262979487.5165
217,217,FL,HENDRY,2010,113097348373.31
218,218,FL,HENDRY,2011,116358883721.90063
219,219,FL,HENDRY,2012,83068571490.0
220,220,FL,HENDRY,2013,55623589178.737495
221,221,FL,HENDRY,2014,47642118638.725
222,222,FL,HERNANDO,2006,1560332310647.2566
223,223,FL,HERNANDO,2007,2340818458233.926
224,224,FL,HERNANDO,2008,4108685308836.802
225,225,FL,HERNANDO,2009,5276167576202.014
226,226,FL,HERNANDO,2010,7732693605394.457
227,227,FL,HERNANDO,2011,5385214243112.743
228,228,FL,HERNANDO,2012,3657443818849.048
229,229,FL,HERNANDO,2013,2464554762349.612
230,230,FL,HERNANDO,2014,2058981861859.065
231,231,FL,HIGHLANDS,2006,168236253487.23004
232,232,FL,HIGHLANDS,2007,185164818483.72723
233,233,FL,HIGHLANDS,2008,216189460460.466
234,234,FL,HIGHLANDS,2009,259676659825.09296
235,235,FL,HIGHLANDS,2010,394448254777.0159
236,236,FL,HIGHLANDS,2011,470334652888.5131
237,237,FL,HIGHLANDS,2012,353105074383.94977
238,238,FL,HIGHLANDS,2013,373840282821.114
239,239,FL,HIGHLANDS,2014,363826082019.7351
240,240,FL,HILLSBOROUGH,2006,111298572720140.84
241,241,FL,HILLSBOROUGH,2007,124938970476904.56
242,242,FL,HILLSBOROUGH,2008,167723351399802.78
243,243,FL,HILLSBOROUGH,2009,249983443601989.03
244,244,FL,HILLSBOROUGH,2010,347890876741989.06
245,245,FL,HILLSBOROUGH,2011,174745032848295.2
246,246,FL,HILLSBOROUGH,2012,91513527809997.34
247,247,FL,HILLSBOROUGH,2013,64160938491203.94
248,248,FL,HILLSBOROUGH,2014,54814869415746.67
249,249,FL,HOLMES,2006,7871498392.34
250,250,FL,HOLMES,2007,9264930413.379875
251,251,FL,HOLMES,2008,9229760014.335726
252,252,FL,HOLMES,2009,7938109755.695649
253,253,FL,HOLMES,2010,7136927589.873012
254,254,FL,HOLMES,2011,8729439517.7895
255,255,FL,HOLMES,2012,10566219386.69
256,256,FL,HOLMES,2013,11116672102.8
257,257,FL,HOLMES,2014,9000833830.315725
258,258,FL,INDIAN RIVER,2006,582478570654.0702
259,259,FL,INDIAN RIVER,2007,774024897265.5302
260,260,FL,INDIAN RIVER,2008,1014843043617.8848
261,261,FL,INDIAN RIVER,2009,1318336639572.556
262,262,FL,INDIAN RIVER,2010,1874279720152.1504
263,263,FL,INDIAN RIVER,2011,2517310171325.968
264,264,FL,INDIAN RIVER,2012,1751572369904.58
265,265,FL,INDIAN RIVER,2013,1415376698909.12
266,266,FL,INDIAN RIVER,2014,1240996754537.6384
267,267,FL,JACKSON,2006,36523246477.26
268,268,FL,JACKSON,2007,45319021932.62
269,269,FL,JACKSON,2008,48068579910.864
270,270,FL,JACKSON,2009,51770642098.7
271,271,FL,JACKSON,2010,62514874396.15
272,272,FL,JACKSON,2011,77095050779.0025
273,273,FL,JACKSON,2012,89608671518.76001
274,274,FL,JACKSON,2013,90059099054.655
275,275,FL,JACKSON,2014,77061219361.83
276,276,FL,JEFFERSON,2006,1440587687.6160002
277,277,FL,JEFFERSON,2007,1819472866.983
278,278,FL,JEFFERSON,2008,2172037132.512
279,279,FL,JEFFERSON,2009,2303743248.111988
280,280,FL,JEFFERSON,2010,2456450917.03
281,281,FL,JEFFERSON,2011,2540661305.99
282,282,FL,JEFFERSON,2012,1796520931.53
283,283,FL,JEFFERSON,2013,1873263359.89
284,284,FL,JEFFERSON,2014,1356751945.975
285,285,FL,LAFAYETTE,2006,663152230.875
286,286,FL,LAFAYETTE,2007,777336085.8000001
287,287,FL,LAFAYETTE,2008,674520546.375
288,288,FL,LAFAYETTE,2009,661691714.1999999
289,289,FL,LAFAYETTE,2010,749467722.4
290,290,FL,LAFAYETTE,2011,754839543.15
291,291,FL,LAFAYETTE,2012,720706149.2399999
292,292,FL,LAFAYETTE,2013,885750103.995
293,293,FL,LAFAYETTE,2014,663028432.5
294,294,FL,LAKE,2006,1623708218731.4363
295,295,FL,LAKE,2007,2281823139930.6016
296,296,FL,LAKE,2008,2933125842174.504
297,297,FL,LAKE,2009,4221594328535.1177
298,298,FL,LAKE,2010,5565589925262.427
299,299,FL,LAKE,2011,5761462562807.348
300,300,FL,LAKE,2012,4959415210964.113
301,301,FL,LAKE,2013,4453879583280.97
302,302,FL,LAKE,2014,3830160577573.271
303,303,FL,LEE,2006,15053914904495.28
304,304,FL,LEE,2007,14807244420852.504
305,305,FL,LEE,2008,17778040549634.727
306,306,FL,LEE,2009,22753005187981.0
307,307,FL,LEE,2010,36396500635879.79
308,308,FL,LEE,2011,30936246696171.87
309,309,FL,LEE,2012,14014176973214.62
310,310,FL,LEE,2013,12720655730777.508
311,311,FL,LEE,2014,11984051381949.97
312,312,FL,LEON,2006,669726318014.1792
313,313,FL,LEON,2007,790368942684.5713
314,314,FL,LEON,2008,928663798476.0712
315,315,FL,LEON,2009,1024836139963.322
316,316,FL,LEON,2010,1034870567181.7794
317,317,FL,LEON,2011,1149879781695.5886
318,318,FL,LEON,2012,1213223389388.705
319,319,FL,LEON,2013,1337117086386.0857
320,320,FL,LEON,2014,1139388869491.7815
321,321,FL,LEVY,2006,85559539324.189
322,322,FL,LEVY,2007,113952853502.08598
323,323,FL,LEVY,2008,157852475379.81378
324,324,FL,LEVY,2009,187372043600.85065
325,325,FL,LEVY,2010,200075967785.93335
326,326,FL,LEVY,2011,196775877837.7771
327,327,FL,LEVY,2012,152239788981.2176
328,328,FL,LEVY,2013,117044516284.911
329,329,FL,LEVY,2014,99939564374.49
330,330,FL,LIBERTY,2006,146942745.6
331,331,FL,LIBERTY,2007,184881228.9135
332,332,FL,LIBERTY,2008,236736855.625
333,333,FL,LIBERTY,2009,189837786.75000003
334,334,FL,LIBERTY,2010,531233542.7
335,335,FL,LIBERTY,2011,295558636.04999995
336,336,FL,LIBERTY,2012,235533149.125
337,337,FL,LIBERTY,2013,172925738.8
338,338,FL,LIBERTY,2014,167026952.625
339,339,FL,MADISON,2006,3047917006.34005
340,340,FL,MADISON,2007,3541906829.9027257
341,341,FL,MADISON,2008,4114422274.5448494
342,342,FL,MADISON,2009,5003020608.130313
343,343,FL,MADISON,2010,6541296346.974999
344,344,FL,MADISON,2011,7787313443.075
345,345,FL,MADISON,2012,6868517670.8550005
346,346,FL,MADISON,2013,6444573476.655
347,347,FL,MADISON,2014,4488146021.287499
348,348,FL,MANATEE,2006,5090559002646.786
349,349,FL,MANATEE,2007,6100434240927.266
350,350,FL,MANATEE,2008,6788525151427.677
351,351,FL,MANATEE,2009,7340505980163.454
352,352,FL,MANATEE,2010,11930316563502.906
353,353,FL,MANATEE,2011,10368439577341.982
354,354,FL,MANATEE,2012,7016482248825.28
355,355,FL,MANATEE,2013,5388749234549.1
356,356,FL,MANATEE,2014,4573140781088.745
357,357,FL,MARION,2006,3802210888050.901
358,358,FL,MARION,2007,5178503948142.537
359,359,FL,MARION,2008,5860141711934.042
360,360,FL,MARION,2009,6259236360062.1045
361,361,FL,MARION,2010,7694510535147.635
362,362,FL,MARION,2011,7237140938629.948
363,363,FL,MARION,2012,6001347389643.883
364,364,FL,MARION,2013,5073697865504.252
365,365,FL,MARION,2014,4484714683153.03
366,366,FL,MARTIN,2006,897513082264.8937
367,367,FL,MARTIN,2007,1045413534195.8192
368,368,FL,MARTIN,2008,1355208929387.0005
369,369,FL,MARTIN,2009,1633966934155.7317
370,370,FL,MARTIN,2010,2050003839541.0627
371,371,FL,MARTIN,2011,1839398856364.248
372,372,FL,MARTIN,2012,1157306517980.116
373,373,FL,MARTIN,2013,947937059219.3756
374,374,FL,MARTIN,2014,680121841243.651
375,375,FL,MIAMI-DADE,2006,18659414883325.145
376,376,FL,MIAMI-DADE,2007,24148928425549.49
377,377,FL,MIAMI-DADE,2008,34467908464482.6
378,378,FL,MIAMI-DADE,2009,58069771818996.43
379,379,FL,MIAMI-DADE,2010,97569094231475.94
380,380,FL,MIAMI-DADE,2011,88200075572510.39
381,381,FL,MIAMI-DADE,2012,35747630392914.805
382,382,FL,MIAMI-DADE,2013,28030991221509.44
383,383,FL,MIAMI-DADE,2014,22550530028398.832
384,384,FL,MONROE,2006,454748793977.5544
385,385,FL,MONROE,2007,481659074519.3003
386,386,FL,MONROE,2008,560502550373.2618
387,387,FL,MONROE,2009,748215642347.166
388,388,FL,MONROE,2010,751914045331.1682
389,389,FL,MONROE,2011,680544778443.7917
390,390,FL,MONROE,2012,426310216651.75726
391,391,FL,MONROE,2013,260246489365.45905
392,392,FL,MONROE,2014,253444004944.4355
393,393,FL,NASSAU,2006,197030389839.2329
394,394,FL,NASSAU,2007,241465324316.7737
395,395,FL,NASSAU,2008,291806914567.6335
396,396,FL,NASSAU,2009,341637975753.375
397,397,FL,NASSAU,2010,447928862740.6907
398,398,FL,NASSAU,2011,628506398618.2705
399,399,FL,NASSAU,2012,608956485013.4691
400,400,FL,NASSAU,2013,495719084899.10297
401,401,FL,NASSAU,2014,439553750455.2253
402,402,FL,OKALOOSA,2006,777529871217.9397
403,403,FL,OKALOOSA,2007,789709465332.7668
404,404,FL,OKALOOSA,2008,826133657820.2866
405,405,FL,OKALOOSA,2009,864635479434.6892
406,406,FL,OKALOOSA,2010,981184343120.9136
407,407,FL,OKALOOSA,2011,1095900864262.3636
408,408,FL,OKALOOSA,2012,1180307579758.5212
409,409,FL,OKALOOSA,2013,1215606797918.3855
410,410,FL,OKALOOSA,2014,1101958838272.348
411,411,FL,OKEECHOBEE,2006,96660557095.66438
412,412,FL,OKEECHOBEE,2007,119999430372.9546
413,413,FL,OKEECHOBEE,2008,130941547275.31252
414,414,FL,OKEECHOBEE,2009,158725727908.84537
415,415,FL,OKEECHOBEE,2010,263942670203.33072
416,416,FL,OKEECHOBEE,2011,218347846296.25027
417,417,FL,OKEECHOBEE,2012,142946255731.99557
418,418,FL,OKEECHOBEE,2013,129295387396.13904
419,419,FL,OKEECHOBEE,2014,113990402767.00044
420,420,FL,ORANGE,2006,16857312082629.611
421,421,FL,ORANGE,2007,21695108830648.312
422,422,FL,ORANGE,2008,35331094912576.36
423,423,FL,ORANGE,2009,53007794937162.81
424,424,FL,ORANGE,2010,89141890800766.6
425,425,FL,ORANGE,2011,71538119795401.02
426,426,FL,ORANGE,2012,42172124003442.86
427,427,FL,ORANGE,2013,28004576727492.57
428,428,FL,ORANGE,2014,19989414721198.93
429,429,FL,OSCEOLA,2006,738693495469.2021
430,430,FL,OSCEOLA,2007,1007403322945.8396
431,431,FL,OSCEOLA,2008,1506983709582.8013
432,432,FL,OSCEOLA,2009,4121693147694.077
433,433,FL,OSCEOLA,2010,5392488885583.356
434,434,FL,OSCEOLA,2011,3544826532970.958
435,435,FL,OSCEOLA,2012,2237113949143.8203
436,436,FL,OSCEOLA,2013,1450470023904.468
437,437,FL,OSCEOLA,2014,1217911629952.3608
438,438,FL,PALM BEACH,2006,64461820488640.52
439,439,FL,PALM BEACH,2007,97317887556476.5
440,440,FL,PALM BEACH,2008,139871658124824.0
441,441,FL,PALM BEACH,2009,200561831613937.12
442,442,FL,PALM BEACH,2010,210148355331926.8
443,443,FL,PALM BEACH,2011,109508293254124.94
444,444,FL,PALM BEACH,2012,62125034963878.07
445,445,FL,PALM BEACH,2013,49997836926913.15
446,446,FL,PALM BEACH,2014,41555472249262.84
447,447,FL,PASCO,2006,12738392808290.94
448,448,FL,PASCO,2007,17084933766538.334
449,449,FL,PASCO,2008,24002519557547.664
450,450,FL,PASCO,2009,27438164943315.117
451,451,FL,PASCO,2010,38391922851545.086
452,452,FL,PASCO,2011,33014874235756.742
453,453,FL,PASCO,2012,16164244987011.477
454,454,FL,PASCO,2013,12111757416390.402
455,455,FL,PASCO,2014,9353778742850.3
456,456,FL,PINELLAS,2006,64337982224570.12
457,457,FL,PINELLAS,2007,65664457016910.7
458,458,FL,PINELLAS,2008,94275778173937.77
459,459,FL,PINELLAS,2009,104011051886775.78
460,460,FL,PINELLAS,2010,152520108408726.28
461,461,FL,PINELLAS,2011,127552072658443.2
462,462,FL,PINELLAS,2012,66521287046949.17
463,463,FL,PINELLAS,2013,52672973527705.79
464,464,FL,PINELLAS,2014,42603298198687.85
465,465,FL,POLK,2006,8786743756337.654
466,466,FL,POLK,2007,8532863324558.612
467,467,FL,POLK,2008,8231373950417.35
468,468,FL,POLK,2009,9235363337688.17
469,469,FL,POLK,2010,13785635898688.889
470,470,FL,POLK,2011,14014652249323.564
471,471,FL,POLK,2012,11662689408867.152
472,472,FL,POLK,2013,10050876935307.637
473,473,FL,POLK,2014,8450582112395.482
474,474,FL,PUTNAM,2006,313751811556.0843
475,475,FL,PUTNAM,2007,312345586622.6567
476,476,FL,PUTNAM,2008,372631851794.3756
477,477,FL,PUTNAM,2009,606571828151.2726
478,478,FL,PUTNAM,2010,867536403052.8035
479,479,FL,PUTNAM,2011,856128551003.9116
480,480,FL,PUTNAM,2012,479415044142.7687
481,481,FL,PUTNAM,2013,376896797707.9124
482,482,FL,PUTNAM,2014,268511118675.32117
483,483,FL,SAINT JOHNS,2006,600696752487.4729
484,484,FL,SAINT JOHNS,2007,734290896614.8064
485,485,FL,SAINT JOHNS,2008,838979533297.143
486,486,FL,SAINT JOHNS,2009,1192196290972.89
487,487,FL,SAINT JOHNS,2010,1964705523159.361
488,488,FL,SAINT JOHNS,2011,1677246701746.5007
489,489,FL,SAINT JOHNS,2012,1310888623542.8655
490,490,FL,SAINT JOHNS,2013,1296555922427.4077
491,491,FL,SAINT JOHNS,2014,1094375150947.2992
492,492,FL,SAINT LUCIE,2006,1694514471790.8943
493,493,FL,SAINT LUCIE,2007,2155607027586.6628
494,494,FL,SAINT LUCIE,2008,2700891273907.083
495,495,FL,SAINT LUCIE,2009,3302442001082.388
496,496,FL,SAINT LUCIE,2010,4252264920013.694
497,497,FL,SAINT LUCIE,2011,5728091346776.67
498,498,FL,SAINT LUCIE,2012,2980584305853.001
499,499,FL,SAINT LUCIE,2013,2030915122633.816
500,500,FL,SAINT LUCIE,2014,1905195381363.9785
501,501,FL,SANTA ROSA,2006,480523327402.2909
502,502,FL,SANTA ROSA,2007,667632496967.8593
503,503,FL,SANTA ROSA,2008,789263845137.8474
504,504,FL,SANTA ROSA,2009,923182716630.6372
505,505,FL,SANTA ROSA,2010,1314606775854.654
506,506,FL,SANTA ROSA,2011,1391579503009.6423
507,507,FL,SANTA ROSA,2012,1188064324158.65
508,508,FL,SANTA ROSA,2013,1182658484780.7517
509,509,FL,SANTA ROSA,2014,1007352308952.2882
510,510,FL,SARASOTA,2006,6835653912597.597
511,511,FL,SARASOTA,2007,9256245270523.045
512,512,FL,SARASOTA,2008,12075163640212.146
513,513,FL,SARASOTA,2009,13432937418948.764
514,514,FL,SARASOTA,2010,15932674088342.256
515,515,FL,SARASOTA,2011,15041433833694.947
516,516,FL,SARASOTA,2012,9694777708187.246
517,517,FL,SARASOTA,2013,8046131352532.669
518,518,FL,SARASOTA,2014,6654748534868.332
519,519,FL,SEMINOLE,2006,4158628989159.15
520,520,FL,SEMINOLE,2007,6085742767878.612
521,521,FL,SEMINOLE,2008,8738001545461.946
522,522,FL,SEMINOLE,2009,11012056751693.404
523,523,FL,SEMINOLE,2010,16868338028091.355
524,524,FL,SEMINOLE,2011,17682015611418.53
525,525,FL,SEMINOLE,2012,5894332803363.745
526,526,FL,SEMINOLE,2013,4585918368081.947
527,527,FL,SEMINOLE,2014,3590628563476.145
528,528,FL,SUMTER,2006,60311740702.4275
529,529,FL,SUMTER,2007,99948091877.26
530,530,FL,SUMTER,2008,145293117477.52866
531,531,FL,SUMTER,2009,223699785176.5612
532,532,FL,SUMTER,2010,489194960192.16034
533,533,FL,SUMTER,2011,487303084457.987
534,534,FL,SUMTER,2012,404109361192.48645
535,535,FL,SUMTER,2013,385779419611.8921
536,536,FL,SUMTER,2014,361053741842.6528
537,537,FL,SUWANNEE,2006,31364248467.1672
538,538,FL,SUWANNEE,2007,42523287490.6947
539,539,FL,SUWANNEE,2008,47070854933.61015
540,540,FL,SUWANNEE,2009,45734321404.34478
541,541,FL,SUWANNEE,2010,49300109609.93788
542,542,FL,SUWANNEE,2011,52673966493.68163
543,543,FL,SUWANNEE,2012,47057335137.81552
544,544,FL,SUWANNEE,2013,53764085657.1364
545,545,FL,SUWANNEE,2014,55671190907.58665
546,546,FL,TAYLOR,2006,16719664404.195
547,547,FL,TAYLOR,2007,23187325332.49688
548,548,FL,TAYLOR,2008,27537128769.280003
549,549,FL,TAYLOR,2009,39451807113.088135
550,550,FL,TAYLOR,2010,31843305596.91196
551,551,FL,TAYLOR,2011,34826089075.5753
552,552,FL,TAYLOR,2012,31316646840.5625
553,553,FL,TAYLOR,2013,30547691321.5775
554,554,FL,TAYLOR,2014,26659381246.19
555,555,FL,UNION,2006,1834385051.328
556,556,FL,UNION,2007,2090639812.3122
557,557,FL,UNION,2008,3308246018.7244
558,558,FL,UNION,2009,3377461173.6092625
559,559,FL,UNION,2010,4435506838.9366
560,560,FL,UNION,2011,3388628986.1188498
561,561,FL,UNION,2012,3150317832.394287
562,562,FL,UNION,2013,3567982347.8100004
563,563,FL,UNION,2014,5123208925.768425
564,564,FL,VOLUSIA,2006,8010915130450.638
565,565,FL,VOLUSIA,2007,9915425536554.385
566,566,FL,VOLUSIA,2008,14339415267010.174
567,567,FL,VOLUSIA,2009,20024522943271.0
568,568,FL,VOLUSIA,2010,26166533263062.445
569,569,FL,VOLUSIA,2011,21014143673977.14
570,570,FL,VOLUSIA,2012,13494890515313.703
571,571,FL,VOLUSIA,2013,11600951481216.338
572,572,FL,VOLUSIA,2014,8835786991312.795
573,573,FL,WAKULLA,2006,11293310971.471
574,574,FL,WAKULLA,2007,17849219406.176003
575,575,FL,WAKULLA,2008,19688346955.308
576,576,FL,WAKULLA,2009,19516110790.120003
577,577,FL,WAKULLA,2010,22184106214.405987
578,578,FL,WAKULLA,2011,25798572533.90308
579,579,FL,WAKULLA,2012,25249996389.751926
580,580,FL,WAKULLA,2013,20978601876.135
581,581,FL,WAKULLA,2014,16908548083.352348
582,582,FL,WALTON,2006,128587868677.125
583,583,FL,WALTON,2007,155152460308.65616
584,584,FL,WALTON,2008,143983149589.3692
585,585,FL,WALTON,2009,167193901374.5695
586,586,FL,WALTON,2010,202102421762.46448
587,587,FL,WALTON,2011,207035891927.72156
588,588,FL,WALTON,2012,206370124350.3165
589,589,FL,WALTON,2013,210841241385.1104
590,590,FL,WALTON,2014,170765260409.98953
591,591,FL,WASHINGTON,2006,20935197650.31
592,592,FL,WASHINGTON,2007,29030422580.7454
593,593,FL,WASHINGTON,2008,35325431810.8695
594,594,FL,WASHINGTON,2009,39990212497.73348
595,595,FL,WASHINGTON,2010,41645356192.4082
596,596,FL,WASHINGTON,2011,43399598592.903366
597,597,FL,WASHINGTON,2012,50776549900.26254
598,598,FL,WASHINGTON,2013,50067916773.16275
599,599,FL,WASHINGTON,2014,40211314786.87575
0,0,LA,ACADIA,2006,116913305072.0034
1,1,LA,ACADIA,2007,131525592639.59032
2,2,LA,ACADIA,2008,128170518177.5241
3,3,LA,ACADIA,2009,157244566113.60263
4,4,LA,ACADIA,2010,184500379756.35367
5,5,LA,ACADIA,2011,190978070782.36725
6,6,LA,ACADIA,2012,179942375142.58884
7,7,LA,ACADIA,2013,160596588416.6475
8,8,LA,ACADIA,2014,124930404573.76958
9,9,LA,ALLEN,2006,22550317130.594315
10,10,LA,ALLEN,2007,25824673179.306263
11,11,LA,ALLEN,2008,30488819776.34415
12,12,LA,ALLEN,2009,29172042516.3748
13,13,LA,ALLEN,2010,29967423053.1438
14,14,LA,ALLEN,2011,41050894524.9291
15,15,LA,ALLEN,2012,44753342587.72526
16,16,LA,ALLEN,2013,45087613571.41501
17,17,LA,ALLEN,2014,34231030114.206013
18,18,LA,ASCENSION,2006,385000450622.5344
19,19,LA,ASCENSION,2007,557838911557.5648
20,20,LA,ASCENSION,2008,749881289332.1553
21,21,LA,ASCENSION,2009,721938248158.4426
22,22,LA,ASCENSION,2010,635714809553.4174
23,23,LA,ASCENSION,2011,619021352618.5796
24,24,LA,ASCENSION,2012,725966581124.0375
25,25,LA,ASCENSION,2013,763621404441.6454
26,26,LA,ASCENSION,2014,576306259674.9471
27,27,LA,ASSUMPTION,2006,1535277321.985
28,28,LA,ASSUMPTION,2007,2061155117.494
29,29,LA,ASSUMPTION,2008,2554459200.638
30,30,LA,ASSUMPTION,2009,1575358470.0
31,31,LA,ASSUMPTION,2010,1349495884.8
32,32,LA,ASSUMPTION,2011,1997257165.3125
33,33,LA,ASSUMPTION,2012,1878695401.0575
34,34,LA,ASSUMPTION,2013,1508935990.5
35,35,LA,ASSUMPTION,2014,1539845206.625
36,36,LA,AVOYELLES,2006,60798371478.38201
37,37,LA,AVOYELLES,2007,70680885901.8794
38,38,LA,AVOYELLES,2008,81807675934.5755
39,39,LA,AVOYELLES,2009,82010583549.025
40,40,LA,AVOYELLES,2010,78665071266.5625
41,41,LA,AVOYELLES,2011,93626026894.5525
42,42,LA,AVOYELLES,2012,107904933497.19
43,43,LA,AVOYELLES,2013,110799212139.275
44,44,LA,AVOYELLES,2014,96998353060.645
45,45,LA,BEAUREGARD,2006,11140985871.4341
46,46,LA,BEAUREGARD,2007,13285721558.329876
47,47,LA,BEAUREGARD,2008,16140485871.962812
48,48,LA,BEAUREGARD,2009,23447196490.04145
49,49,LA,BEAUREGARD,2010,34098210947.92159
50,50,LA,BEAUREGARD,2011,40358912328.43805
51,51,LA,BEAUREGARD,2012,44479872224.169785
52,52,LA,BEAUREGARD,2013,33748559213.6994
53,53,LA,BEAUREGARD,2014,23916359323.78328
54,54,LA,BIENVILLE,2006,1610922490.539975
55,55,LA,BIENVILLE,2007,1679484813.9140625
56,56,LA,BIENVILLE,2008,1756875470.3332126
57,57,LA,BIENVILLE,2009,2084026677.6552
58,58,LA,BIENVILLE,2010,2643474492.225
59,59,LA,BIENVILLE,2011,2976661307.7822247
60,60,LA,BIENVILLE,2012,2969041759.547749
61,61,LA,BIENVILLE,2013,3140436560.175
62,62,LA,BIENVILLE,2014,2368951950.4
63,63,LA,BOSSIER,2006,185017868440.1564
64,64,LA,BOSSIER,2007,217976568043.8066
65,65,LA,BOSSIER,2008,260404935459.20425
66,66,LA,BOSSIER,2009,274221257546.1932
67,67,LA,BOSSIER,2010,296438040425.7241
68,68,LA,BOSSIER,2011,326311943890.5854
69,69,LA,BOSSIER,2012,299107596971.82715
70,70,LA,BOSSIER,2013,318056736677.5591
71,71,LA,BOSSIER,2014,311291198942.45667
72,72,LA,CADDO,2006,1716902343844.384
73,73,LA,CADDO,2007,1989410805744.48
74,74,LA,CADDO,2008,2264788443626.13
75,75,LA,CADDO,2009,2419275490043.061
76,76,LA,CADDO,2010,2405134484855.892
77,77,LA,CADDO,2011,2477360013358.141
78,78,LA,CADDO,2012,2563179885650.7534
79,79,LA,CADDO,2013,2541335299069.344
80,80,LA,CADDO,2014,2200055808684.497
81,81,LA,CALCASIEU,2006,1214015129975.426
82,82,LA,CALCASIEU,2007,1331932281185.513
83,83,LA,CALCASIEU,2008,1491738010826.3103
84,84,LA,CALCASIEU,2009,1496215718453.9
85,85,LA,CALCASIEU,2010,1406837109073.7925
86,86,LA,CALCASIEU,2011,1751262660879.1948
87,87,LA,CALCASIEU,2012,1815935878040.119
88,88,LA,CALCASIEU,2013,1700097548673.7537
89,89,LA,CALCASIEU,2014,1253294713567.0293
90,90,LA,CALDWELL,2006,4398830572.7056
91,91,LA,CALDWELL,2007,4661033007.180125
92,92,LA,CALDWELL,2008,5471196784.288875
93,93,LA,CALDWELL,2009,5731457086.797188
94,94,LA,CALDWELL,2010,5943243602.864251
95,95,LA,CALDWELL,2011,6053771125.519487
96,96,LA,CALDWELL,2012,5798677610.686001
97,97,LA,CALDWELL,2013,5367607429.4912
98,98,LA,CALDWELL,2014,4268322684.5949
99,99,LA,CAMERON,2011,8827.875
100,100,LA,CAMERON,2012,643085.725
101,101,LA,CAMERON,2013,1090645.9025
102,102,LA,CAMERON,2014,935747.375
103,103,LA,CATAHOULA,2006,3390690918.6548758
104,104,LA,CATAHOULA,2007,4275993841.97205
105,105,LA,CATAHOULA,2008,4521064815.3438
106,106,LA,CATAHOULA,2009,4916048522.726888
107,107,LA,CATAHOULA,2010,5054142052.268326
108,108,LA,CATAHOULA,2011,6827095630.575001
109,109,LA,CATAHOULA,2012,7480674627.019999
110,110,LA,CATAHOULA,2013,7146972192.0
111,111,LA,CATAHOULA,2014,6760896559.69
112,112,LA,CLAIBORNE,2006,6013287678.5184
113,113,LA,CLAIBORNE,2007,7029944159.09265
114,114,LA,CLAIBORNE,2008,8116317880.798575
115,115,LA,CLAIBORNE,2009,11082599377.04115
116,116,LA,CLAIBORNE,2010,11739780614.40375
117,117,LA,CLAIBORNE,2011,12942109035.8027
118,118,LA,CLAIBORNE,2012,14117559630.343971
119,119,LA,CLAIBORNE,2013,13709993454.45
120,120,LA,CLAIBORNE,2014,10262398992.6
121,121,LA,CONCORDIA,2006,6694225251.0336
122,122,LA,CONCORDIA,2007,9129227377.283998
123,123,LA,CONCORDIA,2008,12720292693.881998
124,124,LA,CONCORDIA,2009,13130581780.760002
125,125,LA,CONCORDIA,2010,12327041650.770002
126,126,LA,CONCORDIA,2011,15547371133.814425
127,127,LA,CONCORDIA,2012,17730040807.144875
128,128,LA,CONCORDIA,2013,15711244148.665
129,129,LA,CONCORDIA,2014,9678635783.845
130,130,LA,DE SOTO,2006,6562362661.724625
131,131,LA,DE SOTO,2007,8037144321.641999
132,132,LA,DE SOTO,2008,11739010248.0816
133,133,LA,DE SOTO,2009,9691543697.833635
134,134,LA,DE SOTO,2010,8303711292.86
135,135,LA,DE SOTO,2011,9244123101.114325
136,136,LA,DE SOTO,2012,9192000719.4534
137,137,LA,DE SOTO,2013,9038236814.858812
138,138,LA,DE SOTO,2014,8115122016.3838
139,139,LA,EAST BATON ROUGE,2006,6717194514872.929
140,140,LA,EAST BATON ROUGE,2007,8620597866504.246
141,141,LA,EAST BATON ROUGE,2008,11037342472282.646
142,142,LA,EAST BATON ROUGE,2009,10315514612141.262
143,143,LA,EAST BATON ROUGE,2010,8629248879280.19
144,144,LA,EAST BATON ROUGE,2011,8311818003479.578
145,145,LA,EAST BATON ROUGE,2012,8624556275050.303
146,146,LA,EAST BATON ROUGE,2013,7899820364951.664
147,147,LA,EAST BATON ROUGE,2014,5701761673779.934
148,148,LA,EAST CARROLL,2006,155567261.4975
149,149,LA,EAST CARROLL,2007,170449620.453
150,150,LA,EAST CARROLL,2008,199208350.264
151,151,LA,EAST CARROLL,2009,271915531.85999995
152,152,LA,EAST CARROLL,2010,308462794.14
153,153,LA,EAST CARROLL,2011,300243669.88
154,154,LA,EAST CARROLL,2012,532299053.3
155,155,LA,EAST CARROLL,2013,512722539.875
156,156,LA,EAST CARROLL,2014,611366785.15
157,157,LA,EAST FELICIANA,2006,1903689048.9275
158,158,LA,EAST FELICIANA,2007,2396490279.372
159,159,LA,EAST FELICIANA,2008,2899900184.16
160,160,LA,EAST FELICIANA,2009,2583122220.3675
161,161,LA,EAST FELICIANA,2010,2889410184.3
162,162,LA,EAST FELICIANA,2011,2510478684.0
163,163,LA,EAST FELICIANA,2012,2203802159.894425
164,164,LA,EAST FELICIANA,2013,1751950639.5655253
165,165,LA,EAST FELICIANA,2014,1687257564.7819624
166,166,LA,EVANGELINE,2006,59502466339.37272
167,167,LA,EVANGELINE,2007,67528119355.76
168,168,LA,EVANGELINE,2008,83283223109.53049
169,169,LA,EVANGELINE,2009,90337233368.52016
170,170,LA,EVANGELINE,2010,83988690076.42432
171,171,LA,EVANGELINE,2011,110023800536.69775
172,172,LA,EVANGELINE,2012,153095388694.91324
173,173,LA,EVANGELINE,2013,150230583409.8249
174,174,LA,EVANGELINE,2014,144704965659.7083
175,175,LA,FRANKLIN,2006,4964352882.843388
176,176,LA,FRANKLIN,2007,6653821458.68775
177,177,LA,FRANKLIN,2008,6589339343.185
178,178,LA,FRANKLIN,2009,6772965989.94
179,179,LA,FRANKLIN,2010,6570473558.88
180,180,LA,FRANKLIN,2011,9588334874.72945
181,181,LA,FRANKLIN,2012,10890258540.9775
182,182,LA,FRANKLIN,2013,10320182974.1675
183,183,LA,FRANKLIN,2014,6496054523.782499
184,184,LA,GRANT,2006,507228529.3725
185,185,LA,GRANT,2007,828731529.3749999
186,186,LA,GRANT,2008,843221497.705
187,187,LA,GRANT,2009,1765393173.0449998
188,188,LA,GRANT,2010,2428704034.4875
189,189,LA,GRANT,2011,4317163809.4038
190,190,LA,GRANT,2012,5137345093.0125
191,191,LA,GRANT,2013,5029249883.0
192,192,LA,GRANT,2014,4283672948.6319
193,193,LA,IBERIA,2006,103068898560.35588
194,194,LA,IBERIA,2007,128914665558.21986
195,195,LA,IBERIA,2008,173901125512.2928
196,196,LA,IBERIA,2009,187913595551.14468
197,197,LA,IBERIA,2010,192671041190.3404
198,198,LA,IBERIA,2011,252715578249.61545
199,199,LA,IBERIA,2012,244809269063.68924
200,200,LA,IBERIA,2013,217011599389.0329
201,201,LA,IBERIA,2014,149777237530.19925
202,202,LA,IBERVILLE,2006,29330023974.085
203,203,LA,IBERVILLE,2007,41873536833.65306
204,204,LA,IBERVILLE,2008,67439880264.58677
205,205,LA,IBERVILLE,2009,80075630636.10577
206,206,LA,IBERVILLE,2010,84573723617.84926
207,207,LA,IBERVILLE,2011,67994024227.19212
208,208,LA,IBERVILLE,2012,82078529292.45267
209,209,LA,IBERVILLE,2013,96376822563.24196
210,210,LA,IBERVILLE,2014,66701520652.04355
211,211,LA,JACKSON,2006,4462776571.7363
212,212,LA,JACKSON,2007,4643920709.69835
213,213,LA,JACKSON,2008,5375822494.79
214,214,LA,JACKSON,2009,5690906904.27
215,215,LA,JACKSON,2010,5897432068.5
216,216,LA,JACKSON,2011,8117526258.9411745
217,217,LA,JACKSON,2012,8794285698.565
218,218,LA,JACKSON,2013,7588585905.135
219,219,LA,JACKSON,2014,6224645666.5
220,220,LA,JEFFERSON,2006,14752372119630.96
221,221,LA,JEFFERSON,2007,11130413857386.455
222,222,LA,JEFFERSON,2008,10953504302258.03
223,223,LA,JEFFERSON,2009,10140846638854.137
224,224,LA,JEFFERSON,2010,12202292566493.707
225,225,LA,JEFFERSON,2011,13261474961489.271
226,226,LA,JEFFERSON,2012,13018954770223.027
227,227,LA,JEFFERSON,2013,13485633192364.03
228,228,LA,JEFFERSON,2014,9636577843687.535
229,229,LA,JEFFERSON DAVIS,2006,42525305512.9362
230,230,LA,JEFFERSON DAVIS,2007,48154028510.2032
231,231,LA,JEFFERSON DAVIS,2008,53602308777.87694
232,232,LA,JEFFERSON DAVIS,2009,54223429583.3085
233,233,LA,JEFFERSON DAVIS,2010,45023485429.339424
234,234,LA,JEFFERSON DAVIS,2011,49434587539.425
235,235,LA,JEFFERSON DAVIS,2012,50043755438.43506
236,236,LA,JEFFERSON DAVIS,2013,47481756997.351
237,237,LA,JEFFERSON DAVIS,2014,42889354798.7575
238,238,LA,LA SALLE,2006,6026318896.6512
239,239,LA,LA SALLE,2007,9395011879.435
240,240,LA,LA SALLE,2008,10691501616.766064
241,241,LA,LA SALLE,2009,13519605183.762074
242,242,LA,LA SALLE,2010,16368878777.490326
243,243,LA,LA SALLE,2011,19352503572.952877
244,244,LA,LA SALLE,2012,21113163474.520576
245,245,LA,LA SALLE,2013,17681560731.93844
246,246,LA,LA SALLE,2014,15399279487.2
247,247,LA,LAFAYETTE,2006,2928951447961.019
248,248,LA,LAFAYETTE,2007,3070691634608.428
249,249,LA,LAFAYETTE,2008,2766783021948.5903
250,250,LA,LAFAYETTE,2009,3264424966128.913
251,251,LA,LAFAYETTE,2010,3476210205424.9805
252,252,LA,LAFAYETTE,2011,3659873869616.666
253,253,LA,LAFAYETTE,2012,3759343703252.228
254,254,LA,LAFAYETTE,2013,3365227241677.8657
255,255,LA,LAFAYETTE,2014,2522143557411.2163
256,256,LA,LAFOURCHE,2006,205248735232.572
257,257,LA,LAFOURCHE,2007,243190305265.144
258,258,LA,LAFOURCHE,2008,278742930757.46844
259,259,LA,LAFOURCHE,2009,272186109766.6938
260,260,LA,LAFOURCHE,2010,262908970222.0236
261,261,LA,LAFOURCHE,2011,308528185846.4925
262,262,LA,LAFOURCHE,2012,335349832646.8687
263,263,LA,LAFOURCHE,2013,330632738749.88806
264,264,LA,LAFOURCHE,2014,269929305807.78735
265,265,LA,LINCOLN,2006,18089068927.976734
266,266,LA,LINCOLN,2007,25340378991.41404
267,267,LA,LINCOLN,2008,28990383192.819748
268,268,LA,LINCOLN,2009,43869097003.0908
269,269,LA,LINCOLN,2010,39200939564.589615
270,270,LA,LINCOLN,2011,37205727833.991264
271,271,LA,LINCOLN,2012,39596655954.66262
272,272,LA,LINCOLN,2013,41047891666.8728
273,273,LA,LINCOLN,2014,36334361552.715
274,274,LA,LIVINGSTON,2006,607278658251.4833
275,275,LA,LIVINGSTON,2007,816860883675.9822
276,276,LA,LIVINGSTON,2008,1207308043030.0928
277,277,LA,LIVINGSTON,2009,1225057683866.0142
278,278,LA,LIVINGSTON,2010,1322575544708.8652
279,279,LA,LIVINGSTON,2011,1889193158591.696
280,280,LA,LIVINGSTON,2012,1721912607904.3047
281,281,LA,LIVINGSTON,2013,1636805273081.4426
282,282,LA,LIVINGSTON,2014,1506084692586.4265
283,283,LA,MADISON,2006,625869250.4523001
284,284,LA,MADISON,2007,698374081.7906126
285,285,LA,MADISON,2008,909673140.5875
286,286,LA,MADISON,2009,1266718226.30265
287,287,LA,MADISON,2010,1601224663.2375
288,288,LA,MADISON,2011,1664240708.49
289,289,LA,MADISON,2012,1827600122.596425
290,290,LA,MADISON,2013,2096451013.745
291,291,LA,MADISON,2014,1222726349.9999998
292,292,LA,MOREHOUSE,2006,11215854611.813765
293,293,LA,MOREHOUSE,2007,14465747218.75
294,294,LA,MOREHOUSE,2008,16955601168.906277
295,295,LA,MOREHOUSE,2009,20304468050.259266
296,296,LA,MOREHOUSE,2010,24232263427.911564
297,297,LA,MOREHOUSE,2011,25923533033.4052
298,298,LA,MOREHOUSE,2012,28611392527.925
299,299,LA,MOREHOUSE,2013,27453663981.64
300,300,LA,MOREHOUSE,2014,23443601726.75316
301,301,LA,NATCHITOCHES,2006,13719194102.784626
302,302,LA,NATCHITOCHES,2007,15229206421.787188
303,303,LA,NATCHITOCHES,2008,19304344720.745003
304,304,LA,NATCHITOCHES,2009,23599250302.55088
305,305,LA,NATCHITOCHES,2010,22610996950.32848
306,306,LA,NATCHITOCHES,2011,32195191802.811096
307,307,LA,NATCHITOCHES,2012,34056249849.749752
308,308,LA,NATCHITOCHES,2013,43216953370.88653
309,309,LA,NATCHITOCHES,2014,42033407567.9994
310,310,LA,ORLEANS,2006,248724478027.7872
311,311,LA,ORLEANS,2007,493956725706.7317
312,312,LA,ORLEANS,2008,668929521423.0336
313,313,LA,ORLEANS,2009,939233357385.0316
314,314,LA,ORLEANS,2010,1234496482268.0486
315,315,LA,ORLEANS,2011,1638839880930.4534
316,316,LA,ORLEANS,2012,1853362388161.6992
317,317,LA,ORLEANS,2013,1940382707117.3347
318,318,LA,ORLEANS,2014,1376966709664.8994
319,319,LA,OUACHITA,2006,440020447362.63513
320,320,LA,OUACHITA,2007,482717941750.9493
321,321,LA,OUACHITA,2008,532943529055.9388
322,322,LA,OUACHITA,2009,579630991595.5549
323,323,LA,OUACHITA,2010,646297853133.1014
324,324,LA,OUACHITA,2011,626385034968.3608
325,325,LA,OUACHITA,2012,694372665688.448
326,326,LA,OUACHITA,2013,751015727358.172
327,327,LA,OUACHITA,2014,610721452442.4475
328,328,LA,PLAQUEMINES,2006,391966010.8175
329,329,LA,PLAQUEMINES,2007,588221448.7874249
330,330,LA,PLAQUEMINES,2008,618593160.145
331,331,LA,PLAQUEMINES,2009,721958576.1500001
332,332,LA,PLAQUEMINES,2010,1567210052.975
333,333,LA,PLAQUEMINES,2011,3558633557.7000003
334,334,LA,PLAQUEMINES,2012,5032087918.084525
335,335,LA,PLAQUEMINES,2013,9281015903.8575
336,336,LA,PLAQUEMINES,2014,5983522773.739875
337,337,LA,POINTE COUPEE,2006,8469346693.892
338,338,LA,POINTE COUPEE,2007,10685271125.099998
339,339,LA,POINTE COUPEE,2008,11419544491.065
340,340,LA,POINTE COUPEE,2009,13352977399.500002
341,341,LA,POINTE COUPEE,2010,12703653212.85
342,342,LA,POINTE COUPEE,2011,14048181297.315
343,343,LA,POINTE COUPEE,2012,19584848767.425
344,344,LA,POINTE COUPEE,2013,15172231208.749998
345,345,LA,POINTE COUPEE,2014,15259740073.875
346,346,LA,RAPIDES,2006,713118710569.9329
347,347,LA,RAPIDES,2007,870480493225.7609
348,348,LA,RAPIDES,2008,1020029769176.2054
349,349,LA,RAPIDES,2009,1111646508151.8208
350,350,LA,RAPIDES,2010,1221803147523.4097
351,351,LA,RAPIDES,2011,1718710168015.0874
352,352,LA,RAPIDES,2012,1986165628139.3376
353,353,LA,RAPIDES,2013,1983699086021.547
354,354,LA,RAPIDES,2014,1485651482490.593
355,355,LA,RED RIVER,2006,2079956702.41065
356,356,LA,RED RIVER,2007,2236716788.05225
357,357,LA,RED RIVER,2008,2225908788.318337
358,358,LA,RED RIVER,2009,2759932676.655
359,359,LA,RED RIVER,2010,2584565452.2741
360,360,LA,RED RIVER,2011,3628800327.1825
361,361,LA,RED RIVER,2012,4640002188.474375
362,362,LA,RED RIVER,2013,5785222372.67
363,363,LA,RED RIVER,2014,2550281672.5375
364,364,LA,RICHLAND,2006,7235432672.727
365,365,LA,RICHLAND,2007,9554530316.950802
366,366,LA,RICHLAND,2008,12161398471.0475
367,367,LA,RICHLAND,2009,14279071941.111725
368,368,LA,RICHLAND,2010,15577474026.345
369,369,LA,RICHLAND,2011,19989574611.44025
370,370,LA,RICHLAND,2012,20323685613.565
371,371,LA,RICHLAND,2013,20644476622.32
372,372,LA,RICHLAND,2014,19617493684.802
373,373,LA,SABINE,2006,8654802359.199
374,374,LA,SABINE,2007,9168431677.973837
375,375,LA,SABINE,2008,10255526821.3978
376,376,LA,SABINE,2009,12586938303.22555
377,377,LA,SABINE,2010,15426223028.844824
378,378,LA,SABINE,2011,22731560149.839188
379,379,LA,SABINE,2012,20988673043.605434
380,380,LA,SABINE,2013,18852796030.64025
381,381,LA,SABINE,2014,8728671091.806414
382,382,LA,SAINT BERNARD,2006,12701417117.0987
383,383,LA,SAINT BERNARD,2007,41998068019.08999
384,384,LA,SAINT BERNARD,2008,47750662009.69998
385,385,LA,SAINT BERNARD,2009,63829199848.02747
386,386,LA,SAINT BERNARD,2010,101862963885.04665
387,387,LA,SAINT BERNARD,2011,141485449404.5344
388,388,LA,SAINT BERNARD,2012,214151627654.61612
389,389,LA,SAINT BERNARD,2013,349607924671.0825
390,390,LA,SAINT BERNARD,2014,358279660339.9548
391,391,LA,SAINT CHARLES,2006,92483957636.25977
392,392,LA,SAINT CHARLES,2007,128054009063.88744
393,393,LA,SAINT CHARLES,2008,108892548932.2348
394,394,LA,SAINT CHARLES,2009,113880589020.27724
395,395,LA,SAINT CHARLES,2010,111726363510.99986
396,396,LA,SAINT CHARLES,2011,110714080937.42336
397,397,LA,SAINT CHARLES,2012,132453932685.5904
398,398,LA,SAINT CHARLES,2013,122404615066.42392
399,399,LA,SAINT CHARLES,2014,83355506325.22182
400,400,LA,SAINT HELENA,2006,361941505.2
401,401,LA,SAINT HELENA,2007,376553050.125
402,402,LA,SAINT HELENA,2008,406912833.2000001
403,403,LA,SAINT HELENA,2009,409626577.81500006
404,404,LA,SAINT HELENA,2010,454685360.3125
405,405,LA,SAINT HELENA,2011,389195537.9625
406,406,LA,SAINT HELENA,2012,318296561.87499994
407,407,LA,SAINT HELENA,2013,480392921.2225
408,408,LA,SAINT HELENA,2014,1016168752.418375
409,409,LA,SAINT JAMES,2006,2459977052.840425
410,410,LA,SAINT JAMES,2007,3030062330.7394123
411,411,LA,SAINT JAMES,2008,3394348848.814137
412,412,LA,SAINT JAMES,2009,3497395267.9249506
413,413,LA,SAINT JAMES,2010,3573385842.62625
414,414,LA,SAINT JAMES,2011,5460374726.990625
415,415,LA,SAINT JAMES,2012,7341831449.31715
416,416,LA,SAINT JAMES,2013,9082981514.3263
417,417,LA,SAINT JAMES,2014,9144712020.879265
418,418,LA,SAINT LANDRY,2006,289499600764.064
419,419,LA,SAINT LANDRY,2007,327579447855.621
420,420,LA,SAINT LANDRY,2008,366039418434.1867
421,421,LA,SAINT LANDRY,2009,438586914680.834
422,422,LA,SAINT LANDRY,2010,422113405755.4934
423,423,LA,SAINT LANDRY,2011,534917356290.45
424,424,LA,SAINT LANDRY,2012,550073132731.7688
425,425,LA,SAINT LANDRY,2013,508465430796.0443
426,426,LA,SAINT LANDRY,2014,492734380124.8897
427,427,LA,SAINT MARTIN,2006,34459656859.328995
428,428,LA,SAINT MARTIN,2007,45988143438.928375
429,429,LA,SAINT MARTIN,2008,56054305841.15175
430,430,LA,SAINT MARTIN,2009,61550894199.2
431,431,LA,SAINT MARTIN,2010,63992020970.0913
432,432,LA,SAINT MARTIN,2011,82949675106.49501
433,433,LA,SAINT MARTIN,2012,88523520966.77328
434,434,LA,SAINT MARTIN,2013,79795478673.9408
435,435,LA,SAINT MARTIN,2014,78652420393.73401
436,436,LA,SAINT MARY,2006,83654405534.28735
437,437,LA,SAINT MARY,2007,98779359238.4052
438,438,LA,SAINT MARY,2008,122738656735.83156
439,439,LA,SAINT MARY,2009,145584514354.12875
440,440,LA,SAINT MARY,2010,158758140677.17798
441,441,LA,SAINT MARY,2011,181109158307.54263
442,442,LA,SAINT MARY,2012,219320952449.3353
443,443,LA,SAINT MARY,2013,177896212142.58267
444,444,LA,SAINT MARY,2014,159127993417.74265
445,445,LA,SAINT TAMMANY,2006,3262317615163.884
446,446,LA,SAINT TAMMANY,2007,3755430351275.8
447,447,LA,SAINT TAMMANY,2008,3706544444842.617
448,448,LA,SAINT TAMMANY,2009,3748695728359.887
449,449,LA,SAINT TAMMANY,2010,3716060440662.2153
450,450,LA,SAINT TAMMANY,2011,4260178087840.5513
451,451,LA,SAINT TAMMANY,2012,4690582601032.015
452,452,LA,SAINT TAMMANY,2013,4489269989072.235
453,453,LA,SAINT TAMMANY,2014,3050016871434.1143
454,454,LA,ST JOHN THE BAPTIST,2006,25910532639.54251
455,455,LA,ST JOHN THE BAPTIST,2007,32283706196.64
456,456,LA,ST JOHN THE BAPTIST,2008,34426418060.727
457,457,LA,ST JOHN THE BAPTIST,2009,38439632299.95
458,458,LA,ST JOHN THE BAPTIST,2010,45928953505.7875
459,459,LA,ST JOHN THE BAPTIST,2011,54049825828.142654
460,460,LA,ST JOHN THE BAPTIST,2012,60728142978.047455
461,461,LA,ST JOHN THE BAPTIST,2013,72253978753.90985
462,462,LA,ST JOHN THE BAPTIST,2014,66367870265.75334
463,463,LA,TANGIPAHOA,2006,557082586446.1595
464,464,LA,TANGIPAHOA,2007,658394580690.7233
465,465,LA,TANGIPAHOA,2008,847451737494.6129
466,466,LA,TANGIPAHOA,2009,1036995911454.3396
467,467,LA,TANGIPAHOA,2010,1208868253469.177
468,468,LA,TANGIPAHOA,2011,1331223847224.5547
469,469,LA,TANGIPAHOA,2012,1376490521288.7815
470,470,LA,TANGIPAHOA,2013,1502643900291.9858
471,471,LA,TANGIPAHOA,2014,1526846480447.8535
472,472,LA,TENSAS,2006,90934149.813
473,473,LA,TENSAS,2007,96540624.2755
474,474,LA,TENSAS,2008,148172811.25
475,475,LA,TENSAS,2009,106791998.5
476,476,LA,TENSAS,2010,310849547.26250005
477,477,LA,TENSAS,2011,425069740.8
478,478,LA,TENSAS,2012,322790159.25
479,479,LA,TENSAS,2013,514886343.4800001
480,480,LA,TENSAS,2014,400879957.5
481,481,LA,TERREBONNE,2006,247069182117.28204
482,482,LA,TERREBONNE,2007,287907305073.4549
483,483,LA,TERREBONNE,2008,326443455708.6441
484,484,LA,TERREBONNE,2009,315690722264.9378
485,485,LA,TERREBONNE,2010,369218053079.899
486,486,LA,TERREBONNE,2011,446328811275.2496
487,487,LA,TERREBONNE,2012,518533165667.3488
488,488,LA,TERREBONNE,2013,513339071852.5004
489,489,LA,TERREBONNE,2014,388125046927.24
490,490,LA,UNION,2006,4538648473.1181
491,491,LA,UNION,2007,5103999486.3375
492,492,LA,UNION,2008,6290006959.277126
493,493,LA,UNION,2009,6962167879.8525
494,494,LA,UNION,2010,6330678419.835
495,495,LA,UNION,2011,8275088784.8
496,496,LA,UNION,2012,9599561011.98
497,497,LA,UNION,2013,9421739473.203976
498,498,LA,UNION,2014,10175480422.625
499,499,LA,VERMILION,2006,56563229552.99389
500,500,LA,VERMILION,2007,58010145899.57111
501,501,LA,VERMILION,2008,61714058567.85687
502,502,LA,VERMILION,2009,64892686851.01725
503,503,LA,VERMILION,2010,77952931095.76996
504,504,LA,VERMILION,2011,148544381538.262
505,505,LA,VERMILION,2012,83761943660.69344
506,506,LA,VERMILION,2013,64234800876.3455
507,507,LA,VERMILION,2014,55357557750.35352
508,508,LA,VERNON,2006,23215803664.05508
509,509,LA,VERNON,2007,34965166189.599525
510,510,LA,VERNON,2008,46234105719.1385
511,511,LA,VERNON,2009,55870873500.085
512,512,LA,VERNON,2010,63465633741.640816
513,513,LA,VERNON,2011,96560750926.43324
514,514,LA,VERNON,2012,117955884373.4875
515,515,LA,VERNON,2013,101245267328.30324
516,516,LA,VERNON,2014,65431233677.880005
517,517,LA,WASHINGTON,2006,111107483397.07816
518,518,LA,WASHINGTON,2007,107938683506.93312
519,519,LA,WASHINGTON,2008,135573142157.05183
520,520,LA,WASHINGTON,2009,143529602559.80063
521,521,LA,WASHINGTON,2010,236545213228.52505
522,522,LA,WASHINGTON,2011,433294281984.3704
523,523,LA,WASHINGTON,2012,321037520075.9595
524,524,LA,WASHINGTON,2013,269510762297.3984
525,525,LA,WASHINGTON,2014,182946365906.03836
526,526,LA,WEBSTER,2006,40178365313.40144
527,527,LA,WEBSTER,2007,46340637378.64669
528,528,LA,WEBSTER,2008,61428034546.35725
529,529,LA,WEBSTER,2009,55970168140.91719
530,530,LA,WEBSTER,2010,58384290635.25319
531,531,LA,WEBSTER,2011,65896586957.01105
532,532,LA,WEBSTER,2012,66930826081.74559
533,533,LA,WEBSTER,2013,67717783232.48788
534,534,LA,WEBSTER,2014,50550382162.64865
535,535,LA,WEST BATON ROUGE,2006,22927882368.37769
536,536,LA,WEST BATON ROUGE,2007,34702563040.392
537,537,LA,WEST BATON ROUGE,2008,41309323248.892
538,538,LA,WEST BATON ROUGE,2009,30876439351.68
539,539,LA,WEST BATON ROUGE,2010,29288550876.3
540,540,LA,WEST BATON ROUGE,2011,19887674412.96
541,541,LA,WEST BATON ROUGE,2012,20851399121.14
542,542,LA,WEST BATON ROUGE,2013,21431723572.787502
543,543,LA,WEST BATON ROUGE,2014,24354358045.6225
544,544,LA,WEST CARROLL,2006,1865998491.045
545,545,LA,WEST CARROLL,2007,1739351110.3458877
546,546,LA,WEST CARROLL,2008,1795529481.938375
547,547,LA,WEST CARROLL,2009,1758803290.2108002
548,548,LA,WEST CARROLL,2010,1885093524.3924
549,549,LA,WEST CARROLL,2011,2557713587.8147874
550,550,LA,WEST CARROLL,2012,3031230337.4166503
551,551,LA,WEST CARROLL,2013,3152387577.27
552,552,LA,WEST CARROLL,2014,2363291827.66
553,553,LA,WEST FELICIANA,2006,863303570.269
554,554,LA,WEST FELICIANA,2007,1056981845.6365
555,555,LA,WEST FELICIANA,2008,1125237242.2
556,556,LA,WEST FELICIANA,2009,1769259154.3125
557,557,LA,WEST FELICIANA,2010,2015790512.5575
558,558,LA,WEST FELICIANA,2011,2613764490.996662
559,559,LA,WEST FELICIANA,2012,2521873893.1004124
560,560,LA,WEST FELICIANA,2013,2795448323.6025
561,561,LA,WEST FELICIANA,2014,2128491300.11
562,562,LA,WINN,2006,10327216896.329624
563,563,LA,WINN,2007,9615023007.6
564,564,LA,WINN,2008,12967522845.765411
565,565,LA,WINN,2009,13923055832.515
566,566,LA,WINN,2010,13710159180.033323
567,567,LA,WINN,2011,17897806710.50625
568,568,LA,WINN,2012,15729858958.255
569,569,LA,WINN,2013,16270951853.075176
570,570,LA,WINN,2014,11917531934.025
