,BUYER_STATE,BUYER_COUNTY,MONTH,YEAR,MME_monthly
0,AZ,APACHE,1,2006,3956147.4
1,AZ,APACHE,2,2006,37670960.25
2,AZ,APACHE,3,2006,30473671.3125
3,AZ,APACHE,4,2006,27209983.5
4,AZ,APACHE,5,2006,57777499.35000001
5,AZ,APACHE,6,2006,44867659.199999996
6,AZ,APACHE,7,2006,41374218.55
7,AZ,APACHE,8,2006,37925605.2386
8,AZ,APACHE,9,2006,44460764.650000006
9,AZ,APACHE,10,2006,76166704.614825
10,AZ,APACHE,11,2006,65633200.696237504
11,AZ,APACHE,12,2006,48467085.0875
12,AZ,APACHE,1,2007,16618.229999999996
13,AZ,APACHE,2,2007,36918314.550000004
14,AZ,APACHE,3,2007,64909060.28999999
15,AZ,APACHE,4,2007,35956345.04
16,AZ,APACHE,5,2007,44395789.2
17,AZ,APACHE,6,2007,42018488.2702
18,AZ,APACHE,7,2007,51425448.367312506
19,AZ,APACHE,8,2007,63697269.6354875
20,AZ,APACHE,9,2007,43302915.50000001
21,AZ,APACHE,10,2007,80140191.57
22,AZ,APACHE,11,2007,106141605.9375
23,AZ,APACHE,12,2007,74252920.5
24,AZ,APACHE,1,2008,444329.30000000005
25,AZ,APACHE,2,2008,58164792.3
26,AZ,APACHE,3,2008,59700401.89999999
27,AZ,APACHE,4,2008,36216435.93749999
28,AZ,APACHE,5,2008,67360930.832475
29,AZ,APACHE,6,2008,43686336.49999999
30,AZ,APACHE,7,2008,54690738.712500006
31,AZ,APACHE,8,2008,46184481.8625
32,AZ,APACHE,9,2008,56282982.9742
33,AZ,APACHE,10,2008,111582392.66250001
34,AZ,APACHE,11,2008,103219311.4375
35,AZ,APACHE,12,2008,84243572.3025
36,AZ,APACHE,1,2009,704505.5
37,AZ,APACHE,2,2009,58562125.050000004
38,AZ,APACHE,3,2009,81725075.52250001
39,AZ,APACHE,4,2009,87433258.19999999
40,AZ,APACHE,5,2009,60184012.5375
41,AZ,APACHE,6,2009,63285849.055
42,AZ,APACHE,7,2009,76112523.7825
43,AZ,APACHE,8,2009,59968082.92499999
44,AZ,APACHE,9,2009,72930645.85249999
45,AZ,APACHE,10,2009,133227465.0
46,AZ,APACHE,11,2009,99232452.11250001
47,AZ,APACHE,12,2009,144139448.325
48,AZ,APACHE,1,2010,114958.9375
49,AZ,APACHE,2,2010,61034619.0
50,AZ,APACHE,3,2010,72235137.81250001
51,AZ,APACHE,4,2010,62886643.3625
52,AZ,APACHE,5,2010,64653849.60000001
53,AZ,APACHE,6,2010,80475232.49999999
54,AZ,APACHE,7,2010,83909601.0
55,AZ,APACHE,8,2010,72904651.82000001
56,AZ,APACHE,9,2010,88966601.25
57,AZ,APACHE,10,2010,123962848.3125
58,AZ,APACHE,11,2010,124558837.29999998
59,AZ,APACHE,12,2010,140996859.0125
60,AZ,APACHE,1,2011,5479534.45
61,AZ,APACHE,2,2011,63096228.237500004
62,AZ,APACHE,3,2011,79041368.27
63,AZ,APACHE,4,2011,50478890.9625
64,AZ,APACHE,5,2011,86869350.505
65,AZ,APACHE,6,2011,57972100.41
66,AZ,APACHE,7,2011,89441947.44999999
67,AZ,APACHE,8,2011,73720879.4
68,AZ,APACHE,9,2011,54854335.25
69,AZ,APACHE,10,2011,87395658.00000001
70,AZ,APACHE,11,2011,113535312.25
71,AZ,APACHE,12,2011,126726627.5
72,AZ,APACHE,1,2012,1843911.0375
73,AZ,APACHE,2,2012,73862678.3825
74,AZ,APACHE,3,2012,83466530.415
75,AZ,APACHE,4,2012,56193792.915
76,AZ,APACHE,5,2012,63822476.224999994
77,AZ,APACHE,6,2012,76938841.0141375
78,AZ,APACHE,7,2012,77908373.4
79,AZ,APACHE,8,2012,103018285.125
80,AZ,APACHE,9,2012,46260627.120000005
81,AZ,APACHE,10,2012,113191595.1875
82,AZ,APACHE,11,2012,138249065.85
83,AZ,APACHE,12,2012,77205398.08475
84,AZ,APACHE,1,2013,1412192.5499999998
85,AZ,APACHE,2,2013,66633674.25000001
86,AZ,APACHE,3,2013,78419520.6125
87,AZ,APACHE,4,2013,74664117.47500001
88,AZ,APACHE,5,2013,120156960.0
89,AZ,APACHE,6,2013,66196918.974999994
90,AZ,APACHE,7,2013,112028177.52
91,AZ,APACHE,8,2013,97647361.2
92,AZ,APACHE,9,2013,82389430.6875
93,AZ,APACHE,10,2013,157236053.2375
94,AZ,APACHE,11,2013,144245550.90954998
95,AZ,APACHE,12,2013,126622120.69107501
96,AZ,APACHE,1,2014,2857892.25
97,AZ,APACHE,2,2014,77088242.25
98,AZ,APACHE,3,2014,76946021.8625
99,AZ,APACHE,4,2014,111102891.37499999
100,AZ,APACHE,5,2014,116504147.375
101,AZ,APACHE,6,2014,59647797.5625
102,AZ,APACHE,7,2014,151638018.975
103,AZ,APACHE,8,2014,79587386.925
104,AZ,APACHE,9,2014,105548680.125
105,AZ,APACHE,10,2014,192727643.88750002
106,AZ,APACHE,11,2014,151949683.1079
107,AZ,APACHE,12,2014,161351015.0625
108,AZ,COCHISE,1,2006,7674575.775
109,AZ,COCHISE,2,2006,1434723680.936
110,AZ,COCHISE,3,2006,2050764067.105
111,AZ,COCHISE,4,2006,1558637776.971
112,AZ,COCHISE,5,2006,2104993575.6079998
113,AZ,COCHISE,6,2006,2099472513.684
114,AZ,COCHISE,7,2006,1617940001.4329998
115,AZ,COCHISE,8,2006,2339930358.2900624
116,AZ,COCHISE,9,2006,1688619731.9011
117,AZ,COCHISE,10,2006,2689225453.3495
118,AZ,COCHISE,11,2006,3918392674.1759996
119,AZ,COCHISE,12,2006,2946671229.5956125
120,AZ,COCHISE,1,2007,140734956.33749998
121,AZ,COCHISE,2,2007,2278288679.5293503
122,AZ,COCHISE,3,2007,2239434258.8939753
123,AZ,COCHISE,4,2007,2083882482.1129997
124,AZ,COCHISE,5,2007,2763121702.6006756
125,AZ,COCHISE,6,2007,2309218273.8225
126,AZ,COCHISE,7,2007,2596126306.1778626
127,AZ,COCHISE,8,2007,2519426179.98
128,AZ,COCHISE,9,2007,2268117320.01365
129,AZ,COCHISE,10,2007,4810639228.786224
130,AZ,COCHISE,11,2007,4462605721.205
131,AZ,COCHISE,12,2007,4270204640.1791873
132,AZ,COCHISE,1,2008,29693498.3475
133,AZ,COCHISE,2,2008,2836031967.41225
134,AZ,COCHISE,3,2008,3089400472.34945
135,AZ,COCHISE,4,2008,3538029163.731
136,AZ,COCHISE,5,2008,3119877092.475
137,AZ,COCHISE,6,2008,3282973872.634913
138,AZ,COCHISE,7,2008,3949427999.3337
139,AZ,COCHISE,8,2008,3396742085.3975377
140,AZ,COCHISE,9,2008,3898860588.68675
141,AZ,COCHISE,10,2008,7795667000.53425
142,AZ,COCHISE,11,2008,5471812391.02155
143,AZ,COCHISE,12,2008,7763436528.7461
144,AZ,COCHISE,1,2009,17111988.5
145,AZ,COCHISE,2,2009,3230931789.3348126
146,AZ,COCHISE,3,2009,4509246124.4523
147,AZ,COCHISE,4,2009,5128139258.0823
148,AZ,COCHISE,5,2009,3873089080.014875
149,AZ,COCHISE,6,2009,5014008967.285387
150,AZ,COCHISE,7,2009,4726543226.8233
151,AZ,COCHISE,8,2009,3991341748.2552
152,AZ,COCHISE,9,2009,4560008068.082175
153,AZ,COCHISE,10,2009,7479508752.6481495
154,AZ,COCHISE,11,2009,6158621279.63915
155,AZ,COCHISE,12,2009,9130783857.115952
156,AZ,COCHISE,1,2010,16484477.1
157,AZ,COCHISE,2,2010,4698847113.451401
158,AZ,COCHISE,3,2010,5289913683.34975
159,AZ,COCHISE,4,2010,5506667237.4843
160,AZ,COCHISE,5,2010,4468232746.524088
161,AZ,COCHISE,6,2010,5698973214.809999
162,AZ,COCHISE,7,2010,5063067233.532675
163,AZ,COCHISE,8,2010,4946554422.606625
164,AZ,COCHISE,9,2010,5414103545.18085
165,AZ,COCHISE,10,2010,8055909211.626599
166,AZ,COCHISE,11,2010,9200947605.54245
167,AZ,COCHISE,12,2010,9406598307.8458
168,AZ,COCHISE,1,2011,87099353.89175
169,AZ,COCHISE,2,2011,5128098873.796625
170,AZ,COCHISE,3,2011,6803590414.7288
171,AZ,COCHISE,4,2011,5714097732.41
172,AZ,COCHISE,5,2011,5770386394.4261875
173,AZ,COCHISE,6,2011,6920465186.5519495
174,AZ,COCHISE,7,2011,4983724563.48855
175,AZ,COCHISE,8,2011,5927685170.482687
176,AZ,COCHISE,9,2011,5650399186.11285
177,AZ,COCHISE,10,2011,8354753511.041699
178,AZ,COCHISE,11,2011,10256911546.074188
179,AZ,COCHISE,12,2011,8953467572.555725
180,AZ,COCHISE,1,2012,111971849.55000001
181,AZ,COCHISE,2,2012,5584747462.172999
182,AZ,COCHISE,3,2012,6021350794.3356
183,AZ,COCHISE,4,2012,5349033667.4552
184,AZ,COCHISE,5,2012,5833177985.968062
185,AZ,COCHISE,6,2012,5663332730.51975
186,AZ,COCHISE,7,2012,5375847465.575313
187,AZ,COCHISE,8,2012,6789131317.892888
188,AZ,COCHISE,9,2012,4295170148.07655
189,AZ,COCHISE,10,2012,10731015506.668512
190,AZ,COCHISE,11,2012,10842860726.287989
191,AZ,COCHISE,12,2012,9448502520.3028
192,AZ,COCHISE,1,2013,86124343.7375
193,AZ,COCHISE,2,2013,4477332577.845599
194,AZ,COCHISE,3,2013,5842189665.421762
195,AZ,COCHISE,4,2013,5353298852.579824
196,AZ,COCHISE,5,2013,5921580512.368125
197,AZ,COCHISE,6,2013,5392174062.8085
198,AZ,COCHISE,7,2013,7122977508.16755
199,AZ,COCHISE,8,2013,6834945965.3996
200,AZ,COCHISE,9,2013,5899820260.17365
201,AZ,COCHISE,10,2013,11958079708.414686
202,AZ,COCHISE,11,2013,9704781900.8079
203,AZ,COCHISE,12,2013,10825495341.279587
204,AZ,COCHISE,1,2014,106184510.2
205,AZ,COCHISE,2,2014,4776303973.14825
206,AZ,COCHISE,3,2014,5600132768.798913
207,AZ,COCHISE,4,2014,6289796370.833
208,AZ,COCHISE,5,2014,5367671621.147362
209,AZ,COCHISE,6,2014,5824666776.409824
210,AZ,COCHISE,7,2014,6196635137.321
211,AZ,COCHISE,8,2014,5135926089.786975
212,AZ,COCHISE,9,2014,5554210652.448188
213,AZ,COCHISE,10,2014,9534727075.926401
214,AZ,COCHISE,11,2014,6201828178.7346735
215,AZ,COCHISE,12,2014,9499254959.806
216,AZ,COCONINO,1,2006,29805782.4375
217,AZ,COCONINO,2,2006,923036266.033
218,AZ,COCONINO,3,2006,1388544701.25
219,AZ,COCONINO,4,2006,963458261.5074999
220,AZ,COCONINO,5,2006,1581830515.4275
221,AZ,COCONINO,6,2006,1326900356.145
222,AZ,COCONINO,7,2006,1262112013.8
223,AZ,COCONINO,8,2006,1624807600.9139998
224,AZ,COCONINO,9,2006,1103266510.9439998
225,AZ,COCONINO,10,2006,2056287723.1155
226,AZ,COCONINO,11,2006,2125670290.1138248
227,AZ,COCONINO,12,2006,1804010305.68
228,AZ,COCONINO,1,2007,50599294.325
229,AZ,COCONINO,2,2007,1311640430.728
230,AZ,COCONINO,3,2007,1442941542.2015002
231,AZ,COCONINO,4,2007,1391433731.0336251
232,AZ,COCONINO,5,2007,1699315473.86
233,AZ,COCONINO,6,2007,1517455189.7010002
234,AZ,COCONINO,7,2007,1768437341.322
235,AZ,COCONINO,8,2007,1941570558.6602125
236,AZ,COCONINO,9,2007,1260993157.376
237,AZ,COCONINO,10,2007,3461753591.12
238,AZ,COCONINO,11,2007,2286179115.426
239,AZ,COCONINO,12,2007,2606455944.1200004
240,AZ,COCONINO,1,2008,22546766.212500002
241,AZ,COCONINO,2,2008,1686605567.1399999
242,AZ,COCONINO,3,2008,1676943531.36345
243,AZ,COCONINO,4,2008,2099828781.1328
244,AZ,COCONINO,5,2008,1916694717.956
245,AZ,COCONINO,6,2008,1772365948.976
246,AZ,COCONINO,7,2008,2405841377.4449997
247,AZ,COCONINO,8,2008,2194034459.5125
248,AZ,COCONINO,9,2008,2191988953.11685
249,AZ,COCONINO,10,2008,4388708156.111501
250,AZ,COCONINO,11,2008,2801514367.1997004
251,AZ,COCONINO,12,2008,3263021944.6365747
252,AZ,COCONINO,1,2009,13301006.25
253,AZ,COCONINO,2,2009,1296638656.5625
254,AZ,COCONINO,3,2009,1820720664.9354749
255,AZ,COCONINO,4,2009,2138486288.7024999
256,AZ,COCONINO,5,2009,1896505713.2175
257,AZ,COCONINO,6,2009,2083249083.235
258,AZ,COCONINO,7,2009,2461401801.9747
259,AZ,COCONINO,8,2009,1739502735.7350001
260,AZ,COCONINO,9,2009,2103030263.1765873
261,AZ,COCONINO,10,2009,3595778516.1899996
262,AZ,COCONINO,11,2009,2931561891.123775
263,AZ,COCONINO,12,2009,3972384631.5007877
264,AZ,COCONINO,1,2010,8243995.7250000015
265,AZ,COCONINO,2,2010,1494981891.5475001
266,AZ,COCONINO,3,2010,2406025522.8528748
267,AZ,COCONINO,4,2010,1932663380.1499999
268,AZ,COCONINO,5,2010,1759683941.995
269,AZ,COCONINO,6,2010,2346801556.97545
270,AZ,COCONINO,7,2010,1960021374.2800252
271,AZ,COCONINO,8,2010,2435952009.7567496
272,AZ,COCONINO,9,2010,2184982774.076025
273,AZ,COCONINO,10,2010,3353613159.5485873
274,AZ,COCONINO,11,2010,3461197125.849825
275,AZ,COCONINO,12,2010,3609953484.7875
276,AZ,COCONINO,1,2011,59997160.149124995
277,AZ,COCONINO,2,2011,1995119796.110025
278,AZ,COCONINO,3,2011,2707924593.323225
279,AZ,COCONINO,4,2011,2071721229.504725
280,AZ,COCONINO,5,2011,2425868826.68
281,AZ,COCONINO,6,2011,2689499319.0539503
282,AZ,COCONINO,7,2011,2496358159.185
283,AZ,COCONINO,8,2011,3140145640.5697126
284,AZ,COCONINO,9,2011,2652952632.6567
285,AZ,COCONINO,10,2011,3646723740.8475375
286,AZ,COCONINO,11,2011,4562845940.3045635
287,AZ,COCONINO,12,2011,3797994028.4872003
288,AZ,COCONINO,1,2012,85243746.0423
289,AZ,COCONINO,2,2012,2452408647.2159
290,AZ,COCONINO,3,2012,2922472710.483187
291,AZ,COCONINO,4,2012,2349567122.747625
292,AZ,COCONINO,5,2012,3158593279.4069996
293,AZ,COCONINO,6,2012,2597579104.7115
294,AZ,COCONINO,7,2012,3088311396.6695
295,AZ,COCONINO,8,2012,3111436974.478625
296,AZ,COCONINO,9,2012,2191258779.987663
297,AZ,COCONINO,10,2012,5272785937.1796
298,AZ,COCONINO,11,2012,4566974956.5223875
299,AZ,COCONINO,12,2012,3475141872.6827626
300,AZ,COCONINO,1,2013,36642691.649325
301,AZ,COCONINO,2,2013,1695461589.1733124
302,AZ,COCONINO,3,2013,2148872586.10135
303,AZ,COCONINO,4,2013,2172488236.7706
304,AZ,COCONINO,5,2013,2121274874.6964002
305,AZ,COCONINO,6,2013,2439889630.840625
306,AZ,COCONINO,7,2013,3560427548.7183375
307,AZ,COCONINO,8,2013,3438392077.7423997
308,AZ,COCONINO,9,2013,2709858699.105825
309,AZ,COCONINO,10,2013,5598107815.602
310,AZ,COCONINO,11,2013,4080931948.272575
311,AZ,COCONINO,12,2013,5142904766.37
312,AZ,COCONINO,1,2014,49000072.2
313,AZ,COCONINO,2,2014,2272784842.986
314,AZ,COCONINO,3,2014,2647038262.627275
315,AZ,COCONINO,4,2014,3058365054.3192
316,AZ,COCONINO,5,2014,2868245663.6607494
317,AZ,COCONINO,6,2014,2822603327.58855
318,AZ,COCONINO,7,2014,3834262609.223425
319,AZ,COCONINO,8,2014,3116061053.0037003
320,AZ,COCONINO,9,2014,3350866548.6960254
321,AZ,COCONINO,10,2014,5167377440.433675
322,AZ,COCONINO,11,2014,3770719975.6663
323,AZ,COCONINO,12,2014,5886594417.776674
324,AZ,GILA,1,2006,6668427.9375
325,AZ,GILA,2,2006,691597064.6975
326,AZ,GILA,3,2006,1291292013.2849998
327,AZ,GILA,4,2006,728459302.9745001
328,AZ,GILA,5,2006,1231260701.814
329,AZ,GILA,6,2006,1016880340.2015
330,AZ,GILA,7,2006,1196335450.3500001
331,AZ,GILA,8,2006,1216058792.571
332,AZ,GILA,9,2006,864898599.065625
333,AZ,GILA,10,2006,1732242336.3219998
334,AZ,GILA,11,2006,1484134412.344
335,AZ,GILA,12,2006,1542117121.7595
336,AZ,GILA,1,2007,24499930.2
337,AZ,GILA,2,2007,658924795.2458751
338,AZ,GILA,3,2007,887130838.7160001
339,AZ,GILA,4,2007,1272879926.5306
340,AZ,GILA,5,2007,1034255608.1234
341,AZ,GILA,6,2007,836139294.4860001
342,AZ,GILA,7,2007,925372110.48
343,AZ,GILA,8,2007,1349928762.714
344,AZ,GILA,9,2007,1099078614.84
345,AZ,GILA,10,2007,2905947308.2499995
346,AZ,GILA,11,2007,2549916505.609187
347,AZ,GILA,12,2007,1313433913.279
348,AZ,GILA,1,2008,33979692.449999996
349,AZ,GILA,2,2008,1089606599.025
350,AZ,GILA,3,2008,1118288121.139
351,AZ,GILA,4,2008,1126788638.8460627
352,AZ,GILA,5,2008,1149615618.0949998
353,AZ,GILA,6,2008,1042947785.2138125
354,AZ,GILA,7,2008,1261527909.5775125
355,AZ,GILA,8,2008,1142833328.62455
356,AZ,GILA,9,2008,1370094311.8896
357,AZ,GILA,10,2008,2260693402.17525
358,AZ,GILA,11,2008,1468331607.6858
359,AZ,GILA,12,2008,2324089620.061125
360,AZ,GILA,1,2009,3213434.5625000005
361,AZ,GILA,2,2009,1129832166.642025
362,AZ,GILA,3,2009,1395042831.979125
363,AZ,GILA,4,2009,1467237550.9473
364,AZ,GILA,5,2009,1488946819.2813127
365,AZ,GILA,6,2009,1539431658.2415125
366,AZ,GILA,7,2009,1866265787.6993248
367,AZ,GILA,8,2009,1470845929.7503126
368,AZ,GILA,9,2009,1735390571.73885
369,AZ,GILA,10,2009,2452544593.2752376
370,AZ,GILA,11,2009,2425413659.491875
371,AZ,GILA,12,2009,3031456349.8628497
372,AZ,GILA,1,2010,3898524.0
373,AZ,GILA,2,2010,1604453551.5119877
374,AZ,GILA,3,2010,1857784827.27045
375,AZ,GILA,4,2010,1925260436.8725002
376,AZ,GILA,5,2010,1802396047.8151872
377,AZ,GILA,6,2010,2071793477.6526
378,AZ,GILA,7,2010,2074036329.1178374
379,AZ,GILA,8,2010,1881478019.3850002
380,AZ,GILA,9,2010,2118335710.1999998
381,AZ,GILA,10,2010,2997011906.3515997
382,AZ,GILA,11,2010,3624314799.9756002
383,AZ,GILA,12,2010,3288315479.1759
384,AZ,GILA,1,2011,44081004.660000004
385,AZ,GILA,2,2011,1911417813.7829125
386,AZ,GILA,3,2011,2599945602.6526875
387,AZ,GILA,4,2011,1848666170.4678624
388,AZ,GILA,5,2011,2432899654.0871005
389,AZ,GILA,6,2011,2332885817.7871876
390,AZ,GILA,7,2011,2229203702.325375
391,AZ,GILA,8,2011,2885562208.128475
392,AZ,GILA,9,2011,2307625822.71
393,AZ,GILA,10,2011,3554961710.000237
394,AZ,GILA,11,2011,3882258702.441413
395,AZ,GILA,12,2011,4361418106.247063
396,AZ,GILA,1,2012,58961994.2
397,AZ,GILA,2,2012,2613790647.358375
398,AZ,GILA,3,2012,2664471879.1768126
399,AZ,GILA,4,2012,2674603839.4828997
400,AZ,GILA,5,2012,2825210987.2781997
401,AZ,GILA,6,2012,2736946419.9748125
402,AZ,GILA,7,2012,2929112275.870125
403,AZ,GILA,8,2012,3422023993.5063753
404,AZ,GILA,9,2012,2725789309.1541
405,AZ,GILA,10,2012,5389505213.445062
406,AZ,GILA,11,2012,5514231472.968726
407,AZ,GILA,12,2012,4136385808.7179875
408,AZ,GILA,1,2013,42342096.35
409,AZ,GILA,2,2013,2032955012.9892497
410,AZ,GILA,3,2013,2413571996.756925
411,AZ,GILA,4,2013,2668823856.599262
412,AZ,GILA,5,2013,2443225049.43625
413,AZ,GILA,6,2013,2582614684.305875
414,AZ,GILA,7,2013,3620900491.821
415,AZ,GILA,8,2013,3306962287.5187497
416,AZ,GILA,9,2013,3098758568.7198
417,AZ,GILA,10,2013,5965177925.777187
418,AZ,GILA,11,2013,4044483621.31725
419,AZ,GILA,12,2013,4620951213.431075
420,AZ,GILA,1,2014,30776853.549999997
421,AZ,GILA,2,2014,2249960822.2417126
422,AZ,GILA,3,2014,2581443402.7194
423,AZ,GILA,4,2014,2876806910.037287
424,AZ,GILA,5,2014,2449715777.319575
425,AZ,GILA,6,2014,2770028324.889
426,AZ,GILA,7,2014,2691193038.945075
427,AZ,GILA,8,2014,2576923852.8410997
428,AZ,GILA,9,2014,2748055837.88
429,AZ,GILA,10,2014,4903454222.782312
430,AZ,GILA,11,2014,3814156036.0713
431,AZ,GILA,12,2014,4262917218.48945
432,AZ,GRAHAM,1,2006,9228180.762500001
433,AZ,GRAHAM,2,2006,276351041.34999996
434,AZ,GRAHAM,3,2006,402809923.2
435,AZ,GRAHAM,4,2006,368064034.16499996
436,AZ,GRAHAM,5,2006,481177647.50399995
437,AZ,GRAHAM,6,2006,457629061.96542495
438,AZ,GRAHAM,7,2006,341283572.4375
439,AZ,GRAHAM,8,2006,462448329.667875
440,AZ,GRAHAM,9,2006,542075178.28865
441,AZ,GRAHAM,10,2006,638812732.4499999
442,AZ,GRAHAM,11,2006,693588297.7972499
443,AZ,GRAHAM,12,2006,822916993.5749999
444,AZ,GRAHAM,1,2007,8852636.33475
445,AZ,GRAHAM,2,2007,536544117.0406125
446,AZ,GRAHAM,3,2007,588782366.8676999
447,AZ,GRAHAM,4,2007,560736296.7786
448,AZ,GRAHAM,5,2007,727502561.9948
449,AZ,GRAHAM,6,2007,935700565.1399999
450,AZ,GRAHAM,7,2007,857957134.4929999
451,AZ,GRAHAM,8,2007,983426631.165
452,AZ,GRAHAM,9,2007,744029587.456
453,AZ,GRAHAM,10,2007,1333461504.0110002
454,AZ,GRAHAM,11,2007,1252389768.8465
455,AZ,GRAHAM,12,2007,1215155726.9753125
456,AZ,GRAHAM,1,2008,12804885.45
457,AZ,GRAHAM,2,2008,939673586.5929999
458,AZ,GRAHAM,3,2008,1078864204.165
459,AZ,GRAHAM,4,2008,1009516063.0515
460,AZ,GRAHAM,5,2008,933496312.5125
461,AZ,GRAHAM,6,2008,1054323036.0
462,AZ,GRAHAM,7,2008,1029307666.0625
463,AZ,GRAHAM,8,2008,1182636045.0
464,AZ,GRAHAM,9,2008,1163785729.875
465,AZ,GRAHAM,10,2008,2655215148.7115
466,AZ,GRAHAM,11,2008,1701531223.8043623
467,AZ,GRAHAM,12,2008,2673711538.1000004
468,AZ,GRAHAM,1,2009,18396461.999999996
469,AZ,GRAHAM,2,2009,1114186138.8999999
470,AZ,GRAHAM,3,2009,1379831079.8999999
471,AZ,GRAHAM,4,2009,1348548080.9625
472,AZ,GRAHAM,5,2009,1219276217.4375
473,AZ,GRAHAM,6,2009,1242993863.0625
474,AZ,GRAHAM,7,2009,1519609452.8125002
475,AZ,GRAHAM,8,2009,1277517570.1000001
476,AZ,GRAHAM,9,2009,1708268421.75
477,AZ,GRAHAM,10,2009,1994241035.25
478,AZ,GRAHAM,11,2009,1793680825.1999998
479,AZ,GRAHAM,12,2009,2691353860.8875003
480,AZ,GRAHAM,1,2010,7790234.0625
481,AZ,GRAHAM,2,2010,963037395.3750001
482,AZ,GRAHAM,3,2010,1373840330.6125
483,AZ,GRAHAM,4,2010,1354374135.5625
484,AZ,GRAHAM,5,2010,1171230611.6
485,AZ,GRAHAM,6,2010,1422391037.5
486,AZ,GRAHAM,7,2010,1306226470.4375
487,AZ,GRAHAM,8,2010,1498425566.2250001
488,AZ,GRAHAM,9,2010,1560412261.9499998
489,AZ,GRAHAM,10,2010,2221709180.7999997
490,AZ,GRAHAM,11,2010,2260926051.8625
491,AZ,GRAHAM,12,2010,2479638573.6
492,AZ,GRAHAM,1,2011,28437548.849999998
493,AZ,GRAHAM,2,2011,1298729299.55
494,AZ,GRAHAM,3,2011,1709552675.3500001
495,AZ,GRAHAM,4,2011,1274480265.3849998
496,AZ,GRAHAM,5,2011,1326468731.455
497,AZ,GRAHAM,6,2011,1403195404.8
498,AZ,GRAHAM,7,2011,1360125836.9625
499,AZ,GRAHAM,8,2011,1379858463.9533749
500,AZ,GRAHAM,9,2011,1515779479.6875
501,AZ,GRAHAM,10,2011,2249386254.5
502,AZ,GRAHAM,11,2011,2820541037.3440123
503,AZ,GRAHAM,12,2011,2334411156.4375
504,AZ,GRAHAM,1,2012,66687536.75
505,AZ,GRAHAM,2,2012,1139220106.275
506,AZ,GRAHAM,3,2012,1725824900.8125
507,AZ,GRAHAM,4,2012,1497687091.885
508,AZ,GRAHAM,5,2012,1839695522.3899999
509,AZ,GRAHAM,6,2012,1487598233.28
510,AZ,GRAHAM,7,2012,1602585044.675
511,AZ,GRAHAM,8,2012,2065908153.0
512,AZ,GRAHAM,9,2012,1259806901.2335253
513,AZ,GRAHAM,10,2012,3421460622.0
514,AZ,GRAHAM,11,2012,2964418984.45
515,AZ,GRAHAM,12,2012,2713827641.5467
516,AZ,GRAHAM,1,2013,12170627.0
517,AZ,GRAHAM,2,2013,1214458874.804825
518,AZ,GRAHAM,3,2013,1414620479.1608
519,AZ,GRAHAM,4,2013,1187285569.4569623
520,AZ,GRAHAM,5,2013,1389635021.156475
521,AZ,GRAHAM,6,2013,1291488074.884
522,AZ,GRAHAM,7,2013,1648350687.375
523,AZ,GRAHAM,8,2013,1392769969.2357
524,AZ,GRAHAM,9,2013,1195475299.922625
525,AZ,GRAHAM,10,2013,2617743719.68255
526,AZ,GRAHAM,11,2013,1861690415.0675251
527,AZ,GRAHAM,12,2013,1741989861.1875
528,AZ,GRAHAM,1,2014,9247063.375
529,AZ,GRAHAM,2,2014,809002259.2585124
530,AZ,GRAHAM,3,2014,1031274539.1125
531,AZ,GRAHAM,4,2014,1007787501.75
532,AZ,GRAHAM,5,2014,1038902751.3395374
533,AZ,GRAHAM,6,2014,897031466.95
534,AZ,GRAHAM,7,2014,878552011.9999999
535,AZ,GRAHAM,8,2014,875555572.9499999
536,AZ,GRAHAM,9,2014,984444490.1700001
537,AZ,GRAHAM,10,2014,1683888210.36
538,AZ,GRAHAM,11,2014,1365699321.0625
539,AZ,GRAHAM,12,2014,1520734600.5675
540,AZ,GREENLEE,1,2006,2689.5
541,AZ,GREENLEE,2,2006,1089478.8
542,AZ,GREENLEE,3,2006,1210758.9999999998
543,AZ,GREENLEE,4,2006,609804.375
544,AZ,GREENLEE,5,2006,177375.0
545,AZ,GREENLEE,6,2006,841487.3500000001
546,AZ,GREENLEE,7,2006,269506.80000000005
547,AZ,GREENLEE,8,2006,3092233.275
548,AZ,GREENLEE,9,2006,1260514.0875000001
549,AZ,GREENLEE,10,2006,580871.0875
550,AZ,GREENLEE,11,2006,468207.25
551,AZ,GREENLEE,12,2006,732366.0
552,AZ,GREENLEE,1,2007,19372.800000000003
553,AZ,GREENLEE,2,2007,352162.65
554,AZ,GREENLEE,3,2007,637067.8500000001
555,AZ,GREENLEE,4,2007,2160505.6
556,AZ,GREENLEE,5,2007,1713197.0999999999
557,AZ,GREENLEE,6,2007,871132.9
558,AZ,GREENLEE,7,2007,1163893.3125
559,AZ,GREENLEE,8,2007,2364061.5625
560,AZ,GREENLEE,9,2007,895103.0749999998
561,AZ,GREENLEE,10,2007,4341812.35
562,AZ,GREENLEE,11,2007,1300887.9
563,AZ,GREENLEE,12,2007,2523891.775
564,AZ,GREENLEE,1,2008,49037.950000000004
565,AZ,GREENLEE,2,2008,430960.8
566,AZ,GREENLEE,3,2008,1855337.2874999999
567,AZ,GREENLEE,4,2008,803948.9625
568,AZ,GREENLEE,5,2008,1666746.175
569,AZ,GREENLEE,6,2008,4503975.65
570,AZ,GREENLEE,7,2008,5691618.625
571,AZ,GREENLEE,8,2008,744153.05
572,AZ,GREENLEE,9,2008,4942638.1875
573,AZ,GREENLEE,10,2008,4300240.3875
574,AZ,GREENLEE,11,2008,4304859.112500001
575,AZ,GREENLEE,12,2008,4918726.3125
576,AZ,GREENLEE,1,2009,26283.25
577,AZ,GREENLEE,2,2009,4055285.9250000003
578,AZ,GREENLEE,3,2009,2164345.575
579,AZ,GREENLEE,4,2009,1449854.7750000001
580,AZ,GREENLEE,5,2009,1099895.925
581,AZ,GREENLEE,6,2009,1713984.3
582,AZ,GREENLEE,7,2009,1949226.125
583,AZ,GREENLEE,8,2009,2039372.4
584,AZ,GREENLEE,9,2009,3309716.8000000003
585,AZ,GREENLEE,10,2009,3903395.9999999995
586,AZ,GREENLEE,11,2009,3824369.2125
587,AZ,GREENLEE,12,2009,4076820.3255000003
588,AZ,GREENLEE,1,2010,7873.375
589,AZ,GREENLEE,2,2010,1843031.25
590,AZ,GREENLEE,3,2010,3807879.9124999996
591,AZ,GREENLEE,4,2010,2004999.15
592,AZ,GREENLEE,5,2010,2507290.2
593,AZ,GREENLEE,6,2010,4853599.625
594,AZ,GREENLEE,7,2010,4680144.7
595,AZ,GREENLEE,8,2010,3194370.1999999997
596,AZ,GREENLEE,9,2010,3613553.2875
597,AZ,GREENLEE,10,2010,8763330.0
598,AZ,GREENLEE,11,2010,4892560.8
599,AZ,GREENLEE,12,2010,5435981.925
600,AZ,GREENLEE,1,2011,117521.59999999999
601,AZ,GREENLEE,2,2011,3688168.25
602,AZ,GREENLEE,3,2011,5258599.4875
603,AZ,GREENLEE,4,2011,2412129.45
604,AZ,GREENLEE,5,2011,3008693.1750000003
605,AZ,GREENLEE,6,2011,3244123.8
606,AZ,GREENLEE,7,2011,3476110.95
607,AZ,GREENLEE,8,2011,2934065.6999999997
608,AZ,GREENLEE,9,2011,2874381.3
609,AZ,GREENLEE,10,2011,4623315.75
610,AZ,GREENLEE,11,2011,6947964.750000001
611,AZ,GREENLEE,12,2011,6213647.8
612,AZ,GREENLEE,1,2012,275486.92500000005
613,AZ,GREENLEE,2,2012,3637508.5124999997
614,AZ,GREENLEE,3,2012,2461301.15
615,AZ,GREENLEE,4,2012,3546075.225
616,AZ,GREENLEE,5,2012,6247895.5
617,AZ,GREENLEE,6,2012,2542373.6624999996
618,AZ,GREENLEE,7,2012,3098182.0500000003
619,AZ,GREENLEE,8,2012,3602873.0124999997
620,AZ,GREENLEE,9,2012,2227657.475
621,AZ,GREENLEE,10,2012,3308378.0
622,AZ,GREENLEE,11,2012,9750078.924999999
623,AZ,GREENLEE,12,2012,5424832.9875
624,AZ,GREENLEE,1,2013,38586.375
625,AZ,GREENLEE,2,2013,3227987.0
626,AZ,GREENLEE,3,2013,3572793.075
627,AZ,GREENLEE,4,2013,3320710.6624999996
628,AZ,GREENLEE,5,2013,5044349.5375
629,AZ,GREENLEE,6,2013,2928505.4124999996
630,AZ,GREENLEE,7,2013,6315101.975000001
631,AZ,GREENLEE,8,2013,4879827.0
632,AZ,GREENLEE,9,2013,2495844.0
633,AZ,GREENLEE,10,2013,6879560.712500001
634,AZ,GREENLEE,11,2013,8253475.375
635,AZ,GREENLEE,12,2013,7333168.75
636,AZ,GREENLEE,1,2014,67411.5
637,AZ,GREENLEE,2,2014,2065659.425
638,AZ,GREENLEE,3,2014,5660522.375
639,AZ,GREENLEE,4,2014,4082989.275
640,AZ,GREENLEE,5,2014,3942311.25
641,AZ,GREENLEE,6,2014,3647529.1499999994
642,AZ,GREENLEE,7,2014,5403861.337499999
643,AZ,GREENLEE,8,2014,4707567.15
644,AZ,GREENLEE,9,2014,4895504.249999999
645,AZ,GREENLEE,10,2014,5536236.524999999
646,AZ,GREENLEE,11,2014,3615410.25
647,AZ,GREENLEE,12,2014,4440373.425
648,AZ,LA PAZ,1,2006,353261.35
649,AZ,LA PAZ,2,2006,52958425.324999996
650,AZ,LA PAZ,3,2006,49275506.625
651,AZ,LA PAZ,4,2006,24079544.169999998
652,AZ,LA PAZ,5,2006,74676362.625
653,AZ,LA PAZ,6,2006,29449904.874999996
654,AZ,LA PAZ,7,2006,42060266.1
655,AZ,LA PAZ,8,2006,31053208.693
656,AZ,LA PAZ,9,2006,26954589.375
657,AZ,LA PAZ,10,2006,96466500.44999999
658,AZ,LA PAZ,11,2006,117465163.11
659,AZ,LA PAZ,12,2006,83604156.48
660,AZ,LA PAZ,1,2007,52444.799999999996
661,AZ,LA PAZ,2,2007,73831404.105
662,AZ,LA PAZ,3,2007,54333933.76499999
663,AZ,LA PAZ,4,2007,32622272.979999997
664,AZ,LA PAZ,5,2007,63072085.427999996
665,AZ,LA PAZ,6,2007,41124150.8
666,AZ,LA PAZ,7,2007,37998118.6
667,AZ,LA PAZ,8,2007,51513589.627500005
668,AZ,LA PAZ,9,2007,22988381.789999995
669,AZ,LA PAZ,10,2007,101875078.4835
670,AZ,LA PAZ,11,2007,115586935.83749999
671,AZ,LA PAZ,12,2007,94790500.60000001
672,AZ,LA PAZ,1,2008,515298.98
673,AZ,LA PAZ,2,2008,92781277.95
674,AZ,LA PAZ,3,2008,61221910.28000001
675,AZ,LA PAZ,4,2008,66779804.488000005
676,AZ,LA PAZ,5,2008,53306704.59749999
677,AZ,LA PAZ,6,2008,49976875.0
678,AZ,LA PAZ,7,2008,38177205.1125
679,AZ,LA PAZ,8,2008,44123700.6
680,AZ,LA PAZ,9,2008,55059325.275
681,AZ,LA PAZ,10,2008,82058085.03750001
682,AZ,LA PAZ,11,2008,90689208.94499998
683,AZ,LA PAZ,12,2008,144605524.251
684,AZ,LA PAZ,1,2009,417267.5
685,AZ,LA PAZ,2,2009,46134132.824999996
686,AZ,LA PAZ,3,2009,72331190.18749999
687,AZ,LA PAZ,4,2009,76012809.5
688,AZ,LA PAZ,5,2009,32033418.7
689,AZ,LA PAZ,6,2009,60015047.162499994
690,AZ,LA PAZ,7,2009,50275470.574999996
691,AZ,LA PAZ,8,2009,62704745.675000004
692,AZ,LA PAZ,9,2009,67529459.9375
693,AZ,LA PAZ,10,2009,70437295.225
694,AZ,LA PAZ,11,2009,162885268.57500002
695,AZ,LA PAZ,12,2009,182106947.3375
696,AZ,LA PAZ,1,2010,312018.2
697,AZ,LA PAZ,2,2010,96098000.10000001
698,AZ,LA PAZ,3,2010,158271930.9
699,AZ,LA PAZ,4,2010,72046032.2
700,AZ,LA PAZ,5,2010,66289641.6
701,AZ,LA PAZ,6,2010,97167516.425
702,AZ,LA PAZ,7,2010,60201022.625
703,AZ,LA PAZ,8,2010,78424867.5
704,AZ,LA PAZ,9,2010,71403762.1255
705,AZ,LA PAZ,10,2010,151814192.06249997
706,AZ,LA PAZ,11,2010,247278913.497225
707,AZ,LA PAZ,12,2010,263581408.12739998
708,AZ,LA PAZ,1,2011,9373957.200000001
709,AZ,LA PAZ,2,2011,119731468.35
710,AZ,LA PAZ,3,2011,151974848.66979998
711,AZ,LA PAZ,4,2011,99269462.25
712,AZ,LA PAZ,5,2011,85824178.75
713,AZ,LA PAZ,6,2011,87787579.525
714,AZ,LA PAZ,7,2011,80949451.2
715,AZ,LA PAZ,8,2011,114042445.9125
716,AZ,LA PAZ,9,2011,85752375.14999999
717,AZ,LA PAZ,10,2011,156868431.3
718,AZ,LA PAZ,11,2011,256262044.7533125
719,AZ,LA PAZ,12,2011,297934200.315
720,AZ,LA PAZ,1,2012,1861646.8
721,AZ,LA PAZ,2,2012,176271503.99999997
722,AZ,LA PAZ,3,2012,166955941.711375
723,AZ,LA PAZ,4,2012,118968042.16250002
724,AZ,LA PAZ,5,2012,89827754.289125
725,AZ,LA PAZ,6,2012,70732966.5
726,AZ,LA PAZ,7,2012,72827127.5327625
727,AZ,LA PAZ,8,2012,113265850.0
728,AZ,LA PAZ,9,2012,100192558.60000001
729,AZ,LA PAZ,10,2012,231243761.48000002
730,AZ,LA PAZ,11,2012,291998320.875
731,AZ,LA PAZ,12,2012,242594687.47500002
732,AZ,LA PAZ,1,2013,1200354.75
733,AZ,LA PAZ,2,2013,126573473.94999999
734,AZ,LA PAZ,3,2013,160535740.365
735,AZ,LA PAZ,4,2013,63850386.599999994
736,AZ,LA PAZ,5,2013,62990973.875
737,AZ,LA PAZ,6,2013,106294186.64999999
738,AZ,LA PAZ,7,2013,110547877.5
739,AZ,LA PAZ,8,2013,78687040.3125
740,AZ,LA PAZ,9,2013,86224820.39999999
741,AZ,LA PAZ,10,2013,323960256.9
742,AZ,LA PAZ,11,2013,193453116.0
743,AZ,LA PAZ,12,2013,237067300.525
744,AZ,LA PAZ,1,2014,8308326.1625
745,AZ,LA PAZ,2,2014,170812891.775
746,AZ,LA PAZ,3,2014,147876389.4
747,AZ,LA PAZ,4,2014,163207330.0
748,AZ,LA PAZ,5,2014,109989225.63749999
749,AZ,LA PAZ,6,2014,127115138.6875
750,AZ,LA PAZ,7,2014,149815980.33
751,AZ,LA PAZ,8,2014,113885016.7
752,AZ,LA PAZ,9,2014,150002394.72500002
753,AZ,LA PAZ,10,2014,203184958.5
754,AZ,LA PAZ,11,2014,227021411.62499997
755,AZ,LA PAZ,12,2014,325149046.49999994
756,AZ,MARICOPA,1,2006,36666812544.4125
757,AZ,MARICOPA,2,2006,1320228761351.388
758,AZ,MARICOPA,3,2006,1913351569716.841
759,AZ,MARICOPA,4,2006,1470252235990.9546
760,AZ,MARICOPA,5,2006,1887609402046.3115
761,AZ,MARICOPA,6,2006,1750019756047.8733
762,AZ,MARICOPA,7,2006,1637686849673.8538
763,AZ,MARICOPA,8,2006,1960130126206.7556
764,AZ,MARICOPA,9,2006,1723914031757.068
765,AZ,MARICOPA,10,2006,2845023897933.511
766,AZ,MARICOPA,11,2006,2968367592789.764
767,AZ,MARICOPA,12,2006,2714719873218.5073
768,AZ,MARICOPA,1,2007,38355005343.9154
769,AZ,MARICOPA,2,2007,1805584669908.2979
770,AZ,MARICOPA,3,2007,2287454445504.934
771,AZ,MARICOPA,4,2007,1949250010533.7239
772,AZ,MARICOPA,5,2007,2381592327344.3555
773,AZ,MARICOPA,6,2007,2104829626237.1511
774,AZ,MARICOPA,7,2007,2211454387491.6167
775,AZ,MARICOPA,8,2007,2513429194191.4663
776,AZ,MARICOPA,9,2007,1891055917931.6677
777,AZ,MARICOPA,10,2007,4229107113482.758
778,AZ,MARICOPA,11,2007,4131235649885.916
779,AZ,MARICOPA,12,2007,3677495607129.1543
780,AZ,MARICOPA,1,2008,45728419722.23927
781,AZ,MARICOPA,2,2008,2508196451817.5796
782,AZ,MARICOPA,3,2008,2546844282261.0317
783,AZ,MARICOPA,4,2008,2676867105821.045
784,AZ,MARICOPA,5,2008,2683021547811.446
785,AZ,MARICOPA,6,2008,2524238020141.241
786,AZ,MARICOPA,7,2008,2781251567312.3447
787,AZ,MARICOPA,8,2008,2668984742792.226
788,AZ,MARICOPA,9,2008,2823138496560.2544
789,AZ,MARICOPA,10,2008,5365115304549.453
790,AZ,MARICOPA,11,2008,4064967477633.2183
791,AZ,MARICOPA,12,2008,5452442203316.029
792,AZ,MARICOPA,1,2009,32118019716.755703
793,AZ,MARICOPA,2,2009,2675884001947.953
794,AZ,MARICOPA,3,2009,3535498386882.316
795,AZ,MARICOPA,4,2009,3503862985916.934
796,AZ,MARICOPA,5,2009,3293837692261.965
797,AZ,MARICOPA,6,2009,3579142842401.678
798,AZ,MARICOPA,7,2009,3521895568890.3374
799,AZ,MARICOPA,8,2009,3072223740941.8774
800,AZ,MARICOPA,9,2009,3535703135764.1934
801,AZ,MARICOPA,10,2009,5719778947903.791
802,AZ,MARICOPA,11,2009,5342939031073.113
803,AZ,MARICOPA,12,2009,7106414026278.442
804,AZ,MARICOPA,1,2010,5424922907.255624
805,AZ,MARICOPA,2,2010,3280503266953.7915
806,AZ,MARICOPA,3,2010,4647883085143.018
807,AZ,MARICOPA,4,2010,4015872734188.9043
808,AZ,MARICOPA,5,2010,3766813720496.901
809,AZ,MARICOPA,6,2010,4147690666877.9517
810,AZ,MARICOPA,7,2010,4133987840280.3003
811,AZ,MARICOPA,8,2010,4179437024189.931
812,AZ,MARICOPA,9,2010,4042588373899.3145
813,AZ,MARICOPA,10,2010,5524417349179.916
814,AZ,MARICOPA,11,2010,6563019882360.243
815,AZ,MARICOPA,12,2010,6390530118779.013
816,AZ,MARICOPA,1,2011,77125500527.01744
817,AZ,MARICOPA,2,2011,3919285987986.978
818,AZ,MARICOPA,3,2011,5399961561621.437
819,AZ,MARICOPA,4,2011,4203436388547.2383
820,AZ,MARICOPA,5,2011,4462836545974.44
821,AZ,MARICOPA,6,2011,4856178611142.176
822,AZ,MARICOPA,7,2011,4001829867577.2163
823,AZ,MARICOPA,8,2011,5050727458938.651
824,AZ,MARICOPA,9,2011,4712007000576.477
825,AZ,MARICOPA,10,2011,7034861391669.025
826,AZ,MARICOPA,11,2011,8412618726939.414
827,AZ,MARICOPA,12,2011,8460857106677.33
828,AZ,MARICOPA,1,2012,193512404718.349
829,AZ,MARICOPA,2,2012,4688614295267.386
830,AZ,MARICOPA,3,2012,5470631829446.17
831,AZ,MARICOPA,4,2012,4634503392676.779
832,AZ,MARICOPA,5,2012,5415966206317.724
833,AZ,MARICOPA,6,2012,4915885431358.159
834,AZ,MARICOPA,7,2012,5008416895134.982
835,AZ,MARICOPA,8,2012,5738873641859.809
836,AZ,MARICOPA,9,2012,4384202861222.3003
837,AZ,MARICOPA,10,2012,9082670214713.48
838,AZ,MARICOPA,11,2012,9057763007370.701
839,AZ,MARICOPA,12,2012,7728603800289.117
840,AZ,MARICOPA,1,2013,70195790182.55531
841,AZ,MARICOPA,2,2013,4231248577523.065
842,AZ,MARICOPA,3,2013,4882690956340.347
843,AZ,MARICOPA,4,2013,5321283847389.847
844,AZ,MARICOPA,5,2013,4785706867993.7
845,AZ,MARICOPA,6,2013,4502097298770.879
846,AZ,MARICOPA,7,2013,5875863410068.963
847,AZ,MARICOPA,8,2013,5280441434386.945
848,AZ,MARICOPA,9,2013,4920927915422.043
849,AZ,MARICOPA,10,2013,10675413458538.78
850,AZ,MARICOPA,11,2013,8059980555873.887
851,AZ,MARICOPA,12,2013,9522751595596.533
852,AZ,MARICOPA,1,2014,88854654914.2432
853,AZ,MARICOPA,2,2014,4593705105687.918
854,AZ,MARICOPA,3,2014,5756578676771.084
855,AZ,MARICOPA,4,2014,5375540006147.814
856,AZ,MARICOPA,5,2014,5146480586490.524
857,AZ,MARICOPA,6,2014,5233331316095.509
858,AZ,MARICOPA,7,2014,5576425362976.4375
859,AZ,MARICOPA,8,2014,4772120989353.85
860,AZ,MARICOPA,9,2014,5215103953050.515
861,AZ,MARICOPA,10,2014,8179536635563.419
862,AZ,MARICOPA,11,2014,6383407258283.995
863,AZ,MARICOPA,12,2014,8988945291159.273
864,AZ,MOHAVE,1,2006,131462849.70000002
865,AZ,MOHAVE,2,2006,8669941045.15
866,AZ,MOHAVE,3,2006,15643851160.875
867,AZ,MOHAVE,4,2006,10408250850.613
868,AZ,MOHAVE,5,2006,13088824387.676
869,AZ,MOHAVE,6,2006,13670193440.411652
870,AZ,MOHAVE,7,2006,12138930875.059013
871,AZ,MOHAVE,8,2006,15139589378.961374
872,AZ,MOHAVE,9,2006,11879326029.101799
873,AZ,MOHAVE,10,2006,22084427728.298576
874,AZ,MOHAVE,11,2006,19436177937.759876
875,AZ,MOHAVE,12,2006,19523313522.6657
876,AZ,MOHAVE,1,2007,232053403.72698748
877,AZ,MOHAVE,2,2007,14479576887.068449
878,AZ,MOHAVE,3,2007,18040108384.482075
879,AZ,MOHAVE,4,2007,15061209086.0931
880,AZ,MOHAVE,5,2007,18224020315.9747
881,AZ,MOHAVE,6,2007,14850012149.898249
882,AZ,MOHAVE,7,2007,16007861155.288927
883,AZ,MOHAVE,8,2007,19032186959.504402
884,AZ,MOHAVE,9,2007,14577969682.480213
885,AZ,MOHAVE,10,2007,32260433419.809994
886,AZ,MOHAVE,11,2007,32231834062.382027
887,AZ,MOHAVE,12,2007,30251741150.404144
888,AZ,MOHAVE,1,2008,279695325.19923747
889,AZ,MOHAVE,2,2008,21412308013.737103
890,AZ,MOHAVE,3,2008,23004258297.718395
891,AZ,MOHAVE,4,2008,20707694325.1331
892,AZ,MOHAVE,5,2008,19342638350.591064
893,AZ,MOHAVE,6,2008,21457726211.500122
894,AZ,MOHAVE,7,2008,22091834336.38962
895,AZ,MOHAVE,8,2008,24548290305.51398
896,AZ,MOHAVE,9,2008,21082287934.2432
897,AZ,MOHAVE,10,2008,43909606589.293434
898,AZ,MOHAVE,11,2008,35493846724.638435
899,AZ,MOHAVE,12,2008,44214449848.62168
900,AZ,MOHAVE,1,2009,272123214.6875
901,AZ,MOHAVE,2,2009,19803040591.377075
902,AZ,MOHAVE,3,2009,25696282063.20155
903,AZ,MOHAVE,4,2009,26885590756.1195
904,AZ,MOHAVE,5,2009,22360860318.621002
905,AZ,MOHAVE,6,2009,25747618396.585224
906,AZ,MOHAVE,7,2009,26852601494.865376
907,AZ,MOHAVE,8,2009,23432237932.299347
908,AZ,MOHAVE,9,2009,25786977936.213596
909,AZ,MOHAVE,10,2009,48869988420.619
910,AZ,MOHAVE,11,2009,38510853365.66325
911,AZ,MOHAVE,12,2009,49792501752.62413
912,AZ,MOHAVE,1,2010,48418781.77499999
913,AZ,MOHAVE,2,2010,23247334936.261177
914,AZ,MOHAVE,3,2010,34080627289.883198
915,AZ,MOHAVE,4,2010,26934150932.00675
916,AZ,MOHAVE,5,2010,25871461075.1872
917,AZ,MOHAVE,6,2010,28014525276.131817
918,AZ,MOHAVE,7,2010,27293357050.5365
919,AZ,MOHAVE,8,2010,27102455160.856873
920,AZ,MOHAVE,9,2010,25934198101.39713
921,AZ,MOHAVE,10,2010,42360213520.2306
922,AZ,MOHAVE,11,2010,51772063906.9322
923,AZ,MOHAVE,12,2010,52020277672.40981
924,AZ,MOHAVE,1,2011,671504264.4230249
925,AZ,MOHAVE,2,2011,28802337376.40565
926,AZ,MOHAVE,3,2011,34289746609.84375
927,AZ,MOHAVE,4,2011,32509296969.5916
928,AZ,MOHAVE,5,2011,34767372279.52449
929,AZ,MOHAVE,6,2011,32192393543.2404
930,AZ,MOHAVE,7,2011,29391025578.809284
931,AZ,MOHAVE,8,2011,33704953503.96405
932,AZ,MOHAVE,9,2011,30799399098.182922
933,AZ,MOHAVE,10,2011,50453706092.83222
934,AZ,MOHAVE,11,2011,52869847156.52837
935,AZ,MOHAVE,12,2011,53043422840.69175
936,AZ,MOHAVE,1,2012,914047320.32275
937,AZ,MOHAVE,2,2012,31746205254.828503
938,AZ,MOHAVE,3,2012,36609768390.89873
939,AZ,MOHAVE,4,2012,29669555881.26481
940,AZ,MOHAVE,5,2012,36748981671.72458
941,AZ,MOHAVE,6,2012,32219749169.39056
942,AZ,MOHAVE,7,2012,31071593514.63994
943,AZ,MOHAVE,8,2012,37676552236.07925
944,AZ,MOHAVE,9,2012,28097548261.187374
945,AZ,MOHAVE,10,2012,60349517618.701996
946,AZ,MOHAVE,11,2012,63124739842.48969
947,AZ,MOHAVE,12,2012,57197607921.4443
948,AZ,MOHAVE,1,2013,477104391.10867494
949,AZ,MOHAVE,2,2013,26576177377.14649
950,AZ,MOHAVE,3,2013,33519387271.31662
951,AZ,MOHAVE,4,2013,31477338287.29725
952,AZ,MOHAVE,5,2013,33195990996.706726
953,AZ,MOHAVE,6,2013,28379736800.7985
954,AZ,MOHAVE,7,2013,37874096218.52643
955,AZ,MOHAVE,8,2013,34655696792.170006
956,AZ,MOHAVE,9,2013,31392984884.35005
957,AZ,MOHAVE,10,2013,67177469735.377426
958,AZ,MOHAVE,11,2013,54261624190.866745
959,AZ,MOHAVE,12,2013,57754234122.82335
960,AZ,MOHAVE,1,2014,670160352.1351501
961,AZ,MOHAVE,2,2014,26301984602.044014
962,AZ,MOHAVE,3,2014,31620648219.7766
963,AZ,MOHAVE,4,2014,32164033776.082397
964,AZ,MOHAVE,5,2014,29673780777.63519
965,AZ,MOHAVE,6,2014,27915600890.1537
966,AZ,MOHAVE,7,2014,34707041795.320946
967,AZ,MOHAVE,8,2014,30894437335.2349
968,AZ,MOHAVE,9,2014,27761092286.927353
969,AZ,MOHAVE,10,2014,50243182929.81239
970,AZ,MOHAVE,11,2014,34763380216.59015
971,AZ,MOHAVE,12,2014,50612268814.46141
972,AZ,NAVAJO,1,2006,45354985.974999994
973,AZ,NAVAJO,2,2006,799896671.4375
974,AZ,NAVAJO,3,2006,962613037.3125
975,AZ,NAVAJO,4,2006,790717395.262
976,AZ,NAVAJO,5,2006,1204166490.8312626
977,AZ,NAVAJO,6,2006,1198742440.6200001
978,AZ,NAVAJO,7,2006,1004917816.105
979,AZ,NAVAJO,8,2006,1291149004.506
980,AZ,NAVAJO,9,2006,1115136316.096
981,AZ,NAVAJO,10,2006,1559914819.925
982,AZ,NAVAJO,11,2006,2062884184.13595
983,AZ,NAVAJO,12,2006,1337484923.25
984,AZ,NAVAJO,1,2007,34016946.6875
985,AZ,NAVAJO,2,2007,985223528.6583999
986,AZ,NAVAJO,3,2007,1240813585.5954
987,AZ,NAVAJO,4,2007,1020681305.0625
988,AZ,NAVAJO,5,2007,1440301426.9689
989,AZ,NAVAJO,6,2007,1235352161.094025
990,AZ,NAVAJO,7,2007,1314167296.08745
991,AZ,NAVAJO,8,2007,1585082738.066025
992,AZ,NAVAJO,9,2007,1165749063.0399249
993,AZ,NAVAJO,10,2007,2642001198.4428
994,AZ,NAVAJO,11,2007,2026342406.0973501
995,AZ,NAVAJO,12,2007,2615826669.976975
996,AZ,NAVAJO,1,2008,26982831.224999998
997,AZ,NAVAJO,2,2008,1369151631.13295
998,AZ,NAVAJO,3,2008,1400140520.343
999,AZ,NAVAJO,4,2008,1408875151.3505623
1000,AZ,NAVAJO,5,2008,1414226584.6680748
1001,AZ,NAVAJO,6,2008,1612453392.61345
1002,AZ,NAVAJO,7,2008,1701894794.7725625
1003,AZ,NAVAJO,8,2008,1676735634.705
1004,AZ,NAVAJO,9,2008,1645885469.6417751
1005,AZ,NAVAJO,10,2008,3148638788.9160748
1006,AZ,NAVAJO,11,2008,2588744897.751
1007,AZ,NAVAJO,12,2008,2565576505.3650875
1008,AZ,NAVAJO,1,2009,10478177.049999999
1009,AZ,NAVAJO,2,2009,1190700802.2809625
1010,AZ,NAVAJO,3,2009,1773111694.025875
1011,AZ,NAVAJO,4,2009,1736969426.1130748
1012,AZ,NAVAJO,5,2009,1656709202.1504376
1013,AZ,NAVAJO,6,2009,1886418501.5439625
1014,AZ,NAVAJO,7,2009,1782179584.676925
1015,AZ,NAVAJO,8,2009,1952238495.9908001
1016,AZ,NAVAJO,9,2009,1349420995.6626875
1017,AZ,NAVAJO,10,2009,2523605384.483225
1018,AZ,NAVAJO,11,2009,2841291841.623788
1019,AZ,NAVAJO,12,2009,2892048603.21
1020,AZ,NAVAJO,1,2010,5774556.5101875
1021,AZ,NAVAJO,2,2010,1333442584.2
1022,AZ,NAVAJO,3,2010,1929450777.6991124
1023,AZ,NAVAJO,4,2010,1691010995.42255
1024,AZ,NAVAJO,5,2010,1365726418.310475
1025,AZ,NAVAJO,6,2010,2275835036.54325
1026,AZ,NAVAJO,7,2010,1607503894.9960876
1027,AZ,NAVAJO,8,2010,1910097586.7900004
1028,AZ,NAVAJO,9,2010,2088819613.9387002
1029,AZ,NAVAJO,10,2010,2465826710.695425
1030,AZ,NAVAJO,11,2010,2538792332.832525
1031,AZ,NAVAJO,12,2010,2803428509.4729877
1032,AZ,NAVAJO,1,2011,75523101.3
1033,AZ,NAVAJO,2,2011,1524508919.57
1034,AZ,NAVAJO,3,2011,1936019451.9749997
1035,AZ,NAVAJO,4,2011,1758709615.1000001
1036,AZ,NAVAJO,5,2011,1864207169.7199998
1037,AZ,NAVAJO,6,2011,2024548309.68
1038,AZ,NAVAJO,7,2011,2185314407.0466
1039,AZ,NAVAJO,8,2011,2659159123.8972874
1040,AZ,NAVAJO,9,2011,2307096047.25
1041,AZ,NAVAJO,10,2011,2986916927.029875
1042,AZ,NAVAJO,11,2011,3276695579.9299498
1043,AZ,NAVAJO,12,2011,2975406761.22235
1044,AZ,NAVAJO,1,2012,32394778.950000003
1045,AZ,NAVAJO,2,2012,2040202932.6269248
1046,AZ,NAVAJO,3,2012,2012309425.5489
1047,AZ,NAVAJO,4,2012,2049599905.19325
1048,AZ,NAVAJO,5,2012,2430505489.1197
1049,AZ,NAVAJO,6,2012,2346115943.1273375
1050,AZ,NAVAJO,7,2012,2147923312.815
1051,AZ,NAVAJO,8,2012,2689148738.005687
1052,AZ,NAVAJO,9,2012,1891250150.5624375
1053,AZ,NAVAJO,10,2012,4424714106.330812
1054,AZ,NAVAJO,11,2012,3763367416.785
1055,AZ,NAVAJO,12,2012,3619231875.55205
1056,AZ,NAVAJO,1,2013,26518336.055225
1057,AZ,NAVAJO,2,2013,2044325738.239075
1058,AZ,NAVAJO,3,2013,2066331221.8016624
1059,AZ,NAVAJO,4,2013,2589838381.22625
1060,AZ,NAVAJO,5,2013,2622992839.6584
1061,AZ,NAVAJO,6,2013,2939851865.6707497
1062,AZ,NAVAJO,7,2013,3547959431.9466
1063,AZ,NAVAJO,8,2013,3553412559.1477876
1064,AZ,NAVAJO,9,2013,2887106281.0280375
1065,AZ,NAVAJO,10,2013,5484076025.646162
1066,AZ,NAVAJO,11,2013,3977568631.41395
1067,AZ,NAVAJO,12,2013,4087979359.4400997
1068,AZ,NAVAJO,1,2014,76453749.45
1069,AZ,NAVAJO,2,2014,2435072396.3459997
1070,AZ,NAVAJO,3,2014,2676849960.0797505
1071,AZ,NAVAJO,4,2014,2740795724.179125
1072,AZ,NAVAJO,5,2014,3017347441.24165
1073,AZ,NAVAJO,6,2014,2628646621.28255
1074,AZ,NAVAJO,7,2014,3594311270.2539
1075,AZ,NAVAJO,8,2014,2883589596.8782
1076,AZ,NAVAJO,9,2014,3228678572.9849253
1077,AZ,NAVAJO,10,2014,4825996926.371263
1078,AZ,NAVAJO,11,2014,3550623271.033825
1079,AZ,NAVAJO,12,2014,5054422493.901375
1080,AZ,PIMA,1,2006,2750654501.8729997
1081,AZ,PIMA,2,2006,144578233575.5475
1082,AZ,PIMA,3,2006,221609428156.71002
1083,AZ,PIMA,4,2006,169591609704.012
1084,AZ,PIMA,5,2006,209253789684.5526
1085,AZ,PIMA,6,2006,218208337178.58176
1086,AZ,PIMA,7,2006,181012599747.854
1087,AZ,PIMA,8,2006,233039577114.14188
1088,AZ,PIMA,9,2006,186192094728.4571
1089,AZ,PIMA,10,2006,323453413012.11395
1090,AZ,PIMA,11,2006,343739572544.88916
1091,AZ,PIMA,12,2006,304218403244.5484
1092,AZ,PIMA,1,2007,6427473743.153538
1093,AZ,PIMA,2,2007,204501013230.726
1094,AZ,PIMA,3,2007,254180918693.00745
1095,AZ,PIMA,4,2007,205951652025.73093
1096,AZ,PIMA,5,2007,272212601270.43936
1097,AZ,PIMA,6,2007,235032120715.15686
1098,AZ,PIMA,7,2007,223496252177.74576
1099,AZ,PIMA,8,2007,275892684332.05414
1100,AZ,PIMA,9,2007,202104692399.47696
1101,AZ,PIMA,10,2007,491614982145.19464
1102,AZ,PIMA,11,2007,422804666410.8931
1103,AZ,PIMA,12,2007,407965655848.1519
1104,AZ,PIMA,1,2008,5387807918.843849
1105,AZ,PIMA,2,2008,266760481766.82224
1106,AZ,PIMA,3,2008,284345278793.66254
1107,AZ,PIMA,4,2008,286515215116.804
1108,AZ,PIMA,5,2008,271070941851.1737
1109,AZ,PIMA,6,2008,270289295876.71838
1110,AZ,PIMA,7,2008,292897924228.61633
1111,AZ,PIMA,8,2008,280221381291.47736
1112,AZ,PIMA,9,2008,319883693518.8203
1113,AZ,PIMA,10,2008,589134759858.5613
1114,AZ,PIMA,11,2008,419072428723.16064
1115,AZ,PIMA,12,2008,565222080203.4819
1116,AZ,PIMA,1,2009,2163679258.49255
1117,AZ,PIMA,2,2009,265571218240.04166
1118,AZ,PIMA,3,2009,331657115272.7281
1119,AZ,PIMA,4,2009,378193592870.20746
1120,AZ,PIMA,5,2009,338716595656.85376
1121,AZ,PIMA,6,2009,348517594948.436
1122,AZ,PIMA,7,2009,356666087923.9498
1123,AZ,PIMA,8,2009,317259410598.7155
1124,AZ,PIMA,9,2009,347206272059.61066
1125,AZ,PIMA,10,2009,525400278307.4423
1126,AZ,PIMA,11,2009,497484688441.8656
1127,AZ,PIMA,12,2009,676559531449.7756
1128,AZ,PIMA,1,2010,718298252.2974374
1129,AZ,PIMA,2,2010,309286579106.0302
1130,AZ,PIMA,3,2010,433202644389.75775
1131,AZ,PIMA,4,2010,349888631159.57043
1132,AZ,PIMA,5,2010,326385823088.15027
1133,AZ,PIMA,6,2010,411531601967.83496
1134,AZ,PIMA,7,2010,344980456762.0675
1135,AZ,PIMA,8,2010,368955461718.07245
1136,AZ,PIMA,9,2010,380615791722.01105
1137,AZ,PIMA,10,2010,474488141060.23926
1138,AZ,PIMA,11,2010,548613579161.5094
1139,AZ,PIMA,12,2010,520789268337.44714
1140,AZ,PIMA,1,2011,6627802198.37375
1141,AZ,PIMA,2,2011,331332265162.1996
1142,AZ,PIMA,3,2011,472802526252.2864
1143,AZ,PIMA,4,2011,366821932836.76434
1144,AZ,PIMA,5,2011,388038937180.96906
1145,AZ,PIMA,6,2011,434302888449.4599
1146,AZ,PIMA,7,2011,345183713323.176
1147,AZ,PIMA,8,2011,472832884440.7054
1148,AZ,PIMA,9,2011,405677674781.4941
1149,AZ,PIMA,10,2011,610000310291.7622
1150,AZ,PIMA,11,2011,809047364925.0015
1151,AZ,PIMA,12,2011,718040282168.041
1152,AZ,PIMA,1,2012,11965935389.46615
1153,AZ,PIMA,2,2012,485244743180.36304
1154,AZ,PIMA,3,2012,479785963424.7908
1155,AZ,PIMA,4,2012,430735746522.95807
1156,AZ,PIMA,5,2012,498142194773.15485
1157,AZ,PIMA,6,2012,431906402886.89966
1158,AZ,PIMA,7,2012,440064350549.8191
1159,AZ,PIMA,8,2012,503422557971.1558
1160,AZ,PIMA,9,2012,386964021553.50995
1161,AZ,PIMA,10,2012,864130780585.0541
1162,AZ,PIMA,11,2012,839971738293.5225
1163,AZ,PIMA,12,2012,710194965408.5118
1164,AZ,PIMA,1,2013,5769688446.267675
1165,AZ,PIMA,2,2013,350441277021.329
1166,AZ,PIMA,3,2013,416981360265.4776
1167,AZ,PIMA,4,2013,424349145259.50446
1168,AZ,PIMA,5,2013,413109387594.8673
1169,AZ,PIMA,6,2013,330122126018.3484
1170,AZ,PIMA,7,2013,454558568721.83997
1171,AZ,PIMA,8,2013,377645948689.964
1172,AZ,PIMA,9,2013,360935193914.63635
1173,AZ,PIMA,10,2013,868415758410.1724
1174,AZ,PIMA,11,2013,551198110016.0227
1175,AZ,PIMA,12,2013,720477684617.1525
1176,AZ,PIMA,1,2014,7211333084.429125
1177,AZ,PIMA,2,2014,328143982733.04236
1178,AZ,PIMA,3,2014,373800053586.30225
1179,AZ,PIMA,4,2014,375164163710.9812
1180,AZ,PIMA,5,2014,351187310129.929
1181,AZ,PIMA,6,2014,346082924652.13727
1182,AZ,PIMA,7,2014,392209980864.95764
1183,AZ,PIMA,8,2014,321661461862.22
1184,AZ,PIMA,9,2014,334262465328.499
1185,AZ,PIMA,10,2014,598684308084.0228
1186,AZ,PIMA,11,2014,409287123677.1075
1187,AZ,PIMA,12,2014,636742619270.7411
1188,AZ,PINAL,1,2006,205128406.7
1189,AZ,PINAL,2,2006,5766485273.015
1190,AZ,PINAL,3,2006,9131204276.970001
1191,AZ,PINAL,4,2006,6955526427.799999
1192,AZ,PINAL,5,2006,9302988617.369999
1193,AZ,PINAL,6,2006,7791680024.126849
1194,AZ,PINAL,7,2006,8297186160.561386
1195,AZ,PINAL,8,2006,9042998781.659437
1196,AZ,PINAL,9,2006,8782052995.974037
1197,AZ,PINAL,10,2006,12889210744.706324
1198,AZ,PINAL,11,2006,13981122801.978151
1199,AZ,PINAL,12,2006,13865673333.546425
1200,AZ,PINAL,1,2007,216523900.82398748
1201,AZ,PINAL,2,2007,9447884724.35925
1202,AZ,PINAL,3,2007,11889192959.930649
1203,AZ,PINAL,4,2007,9622824450.915
1204,AZ,PINAL,5,2007,12942221914.744987
1205,AZ,PINAL,6,2007,10656182351.857412
1206,AZ,PINAL,7,2007,10469525481.7202
1207,AZ,PINAL,8,2007,12737746211.1568
1208,AZ,PINAL,9,2007,8748100968.7761
1209,AZ,PINAL,10,2007,19945315299.58956
1210,AZ,PINAL,11,2007,20129744196.25661
1211,AZ,PINAL,12,2007,15290778284.767385
1212,AZ,PINAL,1,2008,163453878.0
1213,AZ,PINAL,2,2008,11249603423.17205
1214,AZ,PINAL,3,2008,12304495403.103848
1215,AZ,PINAL,4,2008,11717189019.539438
1216,AZ,PINAL,5,2008,11338235969.594063
1217,AZ,PINAL,6,2008,10616962541.105251
1218,AZ,PINAL,7,2008,12838203680.7213
1219,AZ,PINAL,8,2008,11522386409.2647
1220,AZ,PINAL,9,2008,11090502616.041561
1221,AZ,PINAL,10,2008,24965737790.2478
1222,AZ,PINAL,11,2008,19013445863.123398
1223,AZ,PINAL,12,2008,24842188726.5475
1224,AZ,PINAL,1,2009,102638416.41000001
1225,AZ,PINAL,2,2009,11328220748.801874
1226,AZ,PINAL,3,2009,14581497866.8002
1227,AZ,PINAL,4,2009,14273808138.895075
1228,AZ,PINAL,5,2009,13557080303.108648
1229,AZ,PINAL,6,2009,12655018340.957273
1230,AZ,PINAL,7,2009,13512222810.202724
1231,AZ,PINAL,8,2009,12663258618.489864
1232,AZ,PINAL,9,2009,13854798120.366648
1233,AZ,PINAL,10,2009,21626740702.523823
1234,AZ,PINAL,11,2009,21871053365.442886
1235,AZ,PINAL,12,2009,26821446847.3475
1236,AZ,PINAL,1,2010,65132753.7399
1237,AZ,PINAL,2,2010,12999729103.065
1238,AZ,PINAL,3,2010,19280509295.3326
1239,AZ,PINAL,4,2010,16607788313.162373
1240,AZ,PINAL,5,2010,15865710137.258099
1241,AZ,PINAL,6,2010,17193884940.092846
1242,AZ,PINAL,7,2010,16104758480.959126
1243,AZ,PINAL,8,2010,16214674931.530087
1244,AZ,PINAL,9,2010,18072191633.85155
1245,AZ,PINAL,10,2010,24265308865.5564
1246,AZ,PINAL,11,2010,27763263150.22325
1247,AZ,PINAL,12,2010,30370835663.72026
1248,AZ,PINAL,1,2011,437325663.81
1249,AZ,PINAL,2,2011,20451303015.633076
1250,AZ,PINAL,3,2011,26028363634.0654
1251,AZ,PINAL,4,2011,21788805526.86915
1252,AZ,PINAL,5,2011,21342455077.615124
1253,AZ,PINAL,6,2011,22372917829.593563
1254,AZ,PINAL,7,2011,19883785209.4627
1255,AZ,PINAL,8,2011,23884888355.852062
1256,AZ,PINAL,9,2011,22453635980.582676
1257,AZ,PINAL,10,2011,35409752779.72398
1258,AZ,PINAL,11,2011,40035663276.67439
1259,AZ,PINAL,12,2011,43124923063.62253
1260,AZ,PINAL,1,2012,928880496.453625
1261,AZ,PINAL,2,2012,23405713331.0336
1262,AZ,PINAL,3,2012,25415957547.949944
1263,AZ,PINAL,4,2012,23073798893.334473
1264,AZ,PINAL,5,2012,26074607028.89341
1265,AZ,PINAL,6,2012,24123045323.7611
1266,AZ,PINAL,7,2012,24247345763.129208
1267,AZ,PINAL,8,2012,29968382830.286102
1268,AZ,PINAL,9,2012,20438049964.80135
1269,AZ,PINAL,10,2012,47419357120.67007
1270,AZ,PINAL,11,2012,47916279023.53005
1271,AZ,PINAL,12,2012,44231614285.12357
1272,AZ,PINAL,1,2013,298236409.3125
1273,AZ,PINAL,2,2013,22728288698.063374
1274,AZ,PINAL,3,2013,28964100223.67769
1275,AZ,PINAL,4,2013,29463213312.31385
1276,AZ,PINAL,5,2013,23226340645.139137
1277,AZ,PINAL,6,2013,23560685824.3893
1278,AZ,PINAL,7,2013,29818471885.484283
1279,AZ,PINAL,8,2013,25880171214.065575
1280,AZ,PINAL,9,2013,26648330387.061253
1281,AZ,PINAL,10,2013,58977512922.87206
1282,AZ,PINAL,11,2013,46132202608.63545
1283,AZ,PINAL,12,2013,54148922130.54323
1284,AZ,PINAL,1,2014,673100050.5999124
1285,AZ,PINAL,2,2014,28385944239.47155
1286,AZ,PINAL,3,2014,33558479714.639194
1287,AZ,PINAL,4,2014,31092790988.249275
1288,AZ,PINAL,5,2014,29417931996.615746
1289,AZ,PINAL,6,2014,30000395204.758545
1290,AZ,PINAL,7,2014,31519090348.9178
1291,AZ,PINAL,8,2014,28269714431.75895
1292,AZ,PINAL,9,2014,30467632931.291027
1293,AZ,PINAL,10,2014,47573013295.5481
1294,AZ,PINAL,11,2014,36996260288.00213
1295,AZ,PINAL,12,2014,51852209156.14643
1296,AZ,SANTA CRUZ,1,2006,331372.5
1297,AZ,SANTA CRUZ,2,2006,55657892.474999994
1298,AZ,SANTA CRUZ,3,2006,58230971.475
1299,AZ,SANTA CRUZ,4,2006,46618678.324999996
1300,AZ,SANTA CRUZ,5,2006,63782615.89999999
1301,AZ,SANTA CRUZ,6,2006,49154123.8375
1302,AZ,SANTA CRUZ,7,2006,37444624.55
1303,AZ,SANTA CRUZ,8,2006,52896355.2
1304,AZ,SANTA CRUZ,9,2006,33769627.85
1305,AZ,SANTA CRUZ,10,2006,90130004.25
1306,AZ,SANTA CRUZ,11,2006,83722306.3875
1307,AZ,SANTA CRUZ,12,2006,75778205.8
1308,AZ,SANTA CRUZ,1,2007,1790821.6
1309,AZ,SANTA CRUZ,2,2007,44260950.018
1310,AZ,SANTA CRUZ,3,2007,60958502.12699999
1311,AZ,SANTA CRUZ,4,2007,33768873.8125
1312,AZ,SANTA CRUZ,5,2007,58972587.514
1313,AZ,SANTA CRUZ,6,2007,56551777.919999994
1314,AZ,SANTA CRUZ,7,2007,49566664.485
1315,AZ,SANTA CRUZ,8,2007,50138507.5795
1316,AZ,SANTA CRUZ,9,2007,49690833.368
1317,AZ,SANTA CRUZ,10,2007,98520068.448
1318,AZ,SANTA CRUZ,11,2007,106233773.747
1319,AZ,SANTA CRUZ,12,2007,78756716.808
1320,AZ,SANTA CRUZ,1,2008,424317.85
1321,AZ,SANTA CRUZ,2,2008,56861215.69950001
1322,AZ,SANTA CRUZ,3,2008,57597512.720000006
1323,AZ,SANTA CRUZ,4,2008,59949653.793
1324,AZ,SANTA CRUZ,5,2008,57396079.212
1325,AZ,SANTA CRUZ,6,2008,60322680.9
1326,AZ,SANTA CRUZ,7,2008,64515325.3125
1327,AZ,SANTA CRUZ,8,2008,59952518.0975
1328,AZ,SANTA CRUZ,9,2008,93643890.285
1329,AZ,SANTA CRUZ,10,2008,105246662.095
1330,AZ,SANTA CRUZ,11,2008,99183464.69999999
1331,AZ,SANTA CRUZ,12,2008,118250871.75
1332,AZ,SANTA CRUZ,1,2009,545392.15
1333,AZ,SANTA CRUZ,2,2009,55607426.875
1334,AZ,SANTA CRUZ,3,2009,65738573.58925
1335,AZ,SANTA CRUZ,4,2009,70723270.8
1336,AZ,SANTA CRUZ,5,2009,60753109.86
1337,AZ,SANTA CRUZ,6,2009,50725777.025
1338,AZ,SANTA CRUZ,7,2009,66001053.309999995
1339,AZ,SANTA CRUZ,8,2009,53569011.0
1340,AZ,SANTA CRUZ,9,2009,53228327.7825
1341,AZ,SANTA CRUZ,10,2009,127354388.4375
1342,AZ,SANTA CRUZ,11,2009,108813856.34
1343,AZ,SANTA CRUZ,12,2009,119320351.13582501
1344,AZ,SANTA CRUZ,1,2010,32447.999999999993
1345,AZ,SANTA CRUZ,2,2010,59855932.067325
1346,AZ,SANTA CRUZ,3,2010,81197218.88688749
1347,AZ,SANTA CRUZ,4,2010,79422939.83749999
1348,AZ,SANTA CRUZ,5,2010,63457996.875
1349,AZ,SANTA CRUZ,6,2010,89146857.14999999
1350,AZ,SANTA CRUZ,7,2010,90632565.19999999
1351,AZ,SANTA CRUZ,8,2010,64847359.575
1352,AZ,SANTA CRUZ,9,2010,91201146.21
1353,AZ,SANTA CRUZ,10,2010,76958201.84
1354,AZ,SANTA CRUZ,11,2010,118492245.0
1355,AZ,SANTA CRUZ,12,2010,137245731.2625
1356,AZ,SANTA CRUZ,1,2011,1502504.9000000001
1357,AZ,SANTA CRUZ,2,2011,66008047.0375
1358,AZ,SANTA CRUZ,3,2011,85921968.24
1359,AZ,SANTA CRUZ,4,2011,62146542.800000004
1360,AZ,SANTA CRUZ,5,2011,66005053.050000004
1361,AZ,SANTA CRUZ,6,2011,98201056.0025
1362,AZ,SANTA CRUZ,7,2011,45560370.625
1363,AZ,SANTA CRUZ,8,2011,86316893.25
1364,AZ,SANTA CRUZ,9,2011,75348213.7175
1365,AZ,SANTA CRUZ,10,2011,98643781.5
1366,AZ,SANTA CRUZ,11,2011,130214348.25
1367,AZ,SANTA CRUZ,12,2011,140235593.10000002
1368,AZ,SANTA CRUZ,1,2012,1725294.2999999998
1369,AZ,SANTA CRUZ,2,2012,99325140.3125
1370,AZ,SANTA CRUZ,3,2012,107151973.63749999
1371,AZ,SANTA CRUZ,4,2012,61114136.9875
1372,AZ,SANTA CRUZ,5,2012,97902247.44
1373,AZ,SANTA CRUZ,6,2012,108315953.075
1374,AZ,SANTA CRUZ,7,2012,110688822.7375
1375,AZ,SANTA CRUZ,8,2012,99029283.2
1376,AZ,SANTA CRUZ,9,2012,73068931.25
1377,AZ,SANTA CRUZ,10,2012,189236490.975
1378,AZ,SANTA CRUZ,11,2012,130527024.925
1379,AZ,SANTA CRUZ,12,2012,306069021.34999996
1380,AZ,SANTA CRUZ,1,2013,7843309.800000001
1381,AZ,SANTA CRUZ,2,2013,72163877.775
1382,AZ,SANTA CRUZ,3,2013,118235723.38402501
1383,AZ,SANTA CRUZ,4,2013,162380154.375
1384,AZ,SANTA CRUZ,5,2013,190216763.1
1385,AZ,SANTA CRUZ,6,2013,114962765.5
1386,AZ,SANTA CRUZ,7,2013,196074843.07500002
1387,AZ,SANTA CRUZ,8,2013,196725573.975
1388,AZ,SANTA CRUZ,9,2013,168197293.425
1389,AZ,SANTA CRUZ,10,2013,270281454.29999995
1390,AZ,SANTA CRUZ,11,2013,257625452.625
1391,AZ,SANTA CRUZ,12,2013,288408844.95
1392,AZ,SANTA CRUZ,1,2014,6740964.562500001
1393,AZ,SANTA CRUZ,2,2014,122427280.58749999
1394,AZ,SANTA CRUZ,3,2014,143642725.525
1395,AZ,SANTA CRUZ,4,2014,148991559.5
1396,AZ,SANTA CRUZ,5,2014,138110512.5
1397,AZ,SANTA CRUZ,6,2014,138900335.0625
1398,AZ,SANTA CRUZ,7,2014,159951566.63750002
1399,AZ,SANTA CRUZ,8,2014,133812255.78
1400,AZ,SANTA CRUZ,9,2014,133454163.3
1401,AZ,SANTA CRUZ,10,2014,167362923.69
1402,AZ,SANTA CRUZ,11,2014,142407798.8775
1403,AZ,SANTA CRUZ,12,2014,252503330.2375
1404,AZ,YAVAPAI,1,2006,224319849.068
1405,AZ,YAVAPAI,2,2006,6728107544.4375
1406,AZ,YAVAPAI,3,2006,9719247976.740002
1407,AZ,YAVAPAI,4,2006,7856119968.1065
1408,AZ,YAVAPAI,5,2006,11161186021.129463
1409,AZ,YAVAPAI,6,2006,10472596874.412064
1410,AZ,YAVAPAI,7,2006,9518803465.769001
1411,AZ,YAVAPAI,8,2006,10268893302.5445
1412,AZ,YAVAPAI,9,2006,9169978676.310337
1413,AZ,YAVAPAI,10,2006,15155211333.76785
1414,AZ,YAVAPAI,11,2006,16260669044.07
1415,AZ,YAVAPAI,12,2006,14781218925.983124
1416,AZ,YAVAPAI,1,2007,125236962.00000001
1417,AZ,YAVAPAI,2,2007,8718070032.539062
1418,AZ,YAVAPAI,3,2007,12716464657.004063
1419,AZ,YAVAPAI,4,2007,9442644663.582874
1420,AZ,YAVAPAI,5,2007,11892710127.388838
1421,AZ,YAVAPAI,6,2007,12585064948.028374
1422,AZ,YAVAPAI,7,2007,11429218883.443375
1423,AZ,YAVAPAI,8,2007,12648234612.1433
1424,AZ,YAVAPAI,9,2007,9432249356.76975
1425,AZ,YAVAPAI,10,2007,22351722743.001602
1426,AZ,YAVAPAI,11,2007,22128562152.899475
1427,AZ,YAVAPAI,12,2007,16970287015.416998
1428,AZ,YAVAPAI,1,2008,98627046.92655
1429,AZ,YAVAPAI,2,2008,11194704257.317501
1430,AZ,YAVAPAI,3,2008,11699149256.638124
1431,AZ,YAVAPAI,4,2008,12140331728.5129
1432,AZ,YAVAPAI,5,2008,12446562936.1682
1433,AZ,YAVAPAI,6,2008,11560810791.029549
1434,AZ,YAVAPAI,7,2008,12307350682.33125
1435,AZ,YAVAPAI,8,2008,11456851230.32681
1436,AZ,YAVAPAI,9,2008,12693461054.207064
1437,AZ,YAVAPAI,10,2008,23648485665.85995
1438,AZ,YAVAPAI,11,2008,19144680560.851353
1439,AZ,YAVAPAI,12,2008,22874408262.091835
1440,AZ,YAVAPAI,1,2009,93620130.075225
1441,AZ,YAVAPAI,2,2009,10005645337.96354
1442,AZ,YAVAPAI,3,2009,14339379263.3691
1443,AZ,YAVAPAI,4,2009,13315096848.3944
1444,AZ,YAVAPAI,5,2009,14795958034.0845
1445,AZ,YAVAPAI,6,2009,15767364620.999475
1446,AZ,YAVAPAI,7,2009,14831384803.906502
1447,AZ,YAVAPAI,8,2009,12600749966.449951
1448,AZ,YAVAPAI,9,2009,15535778333.4045
1449,AZ,YAVAPAI,10,2009,24343186717.16175
1450,AZ,YAVAPAI,11,2009,20733293029.8378
1451,AZ,YAVAPAI,12,2009,30397139535.310616
1452,AZ,YAVAPAI,1,2010,42902658.599999994
1453,AZ,YAVAPAI,2,2010,14296613628.0137
1454,AZ,YAVAPAI,3,2010,18593523882.473423
1455,AZ,YAVAPAI,4,2010,16791974772.636526
1456,AZ,YAVAPAI,5,2010,17204814564.895126
1457,AZ,YAVAPAI,6,2010,21055070544.9791
1458,AZ,YAVAPAI,7,2010,18626588111.894047
1459,AZ,YAVAPAI,8,2010,20104872743.312675
1460,AZ,YAVAPAI,9,2010,18752040666.36756
1461,AZ,YAVAPAI,10,2010,25011035515.050274
1462,AZ,YAVAPAI,11,2010,31887119493.521183
1463,AZ,YAVAPAI,12,2010,31027920457.727325
1464,AZ,YAVAPAI,1,2011,332023946.40000004
1465,AZ,YAVAPAI,2,2011,17594653682.0781
1466,AZ,YAVAPAI,3,2011,24695418296.015972
1467,AZ,YAVAPAI,4,2011,18409031062.5109
1468,AZ,YAVAPAI,5,2011,20424994256.658226
1469,AZ,YAVAPAI,6,2011,25261525980.978374
1470,AZ,YAVAPAI,7,2011,19724573975.26125
1471,AZ,YAVAPAI,8,2011,26142453230.7648
1472,AZ,YAVAPAI,9,2011,21725700780.678413
1473,AZ,YAVAPAI,10,2011,31755097050.545975
1474,AZ,YAVAPAI,11,2011,39351903742.131294
1475,AZ,YAVAPAI,12,2011,38742950444.16209
1476,AZ,YAVAPAI,1,2012,916910063.1206251
1477,AZ,YAVAPAI,2,2012,22556846759.748905
1478,AZ,YAVAPAI,3,2012,21570174174.0795
1479,AZ,YAVAPAI,4,2012,20133615620.6577
1480,AZ,YAVAPAI,5,2012,24865439746.724247
1481,AZ,YAVAPAI,6,2012,19881662972.811523
1482,AZ,YAVAPAI,7,2012,20674105429.37275
1483,AZ,YAVAPAI,8,2012,24613086969.94695
1484,AZ,YAVAPAI,9,2012,18759847737.8747
1485,AZ,YAVAPAI,10,2012,38503769942.980804
1486,AZ,YAVAPAI,11,2012,39816671537.56035
1487,AZ,YAVAPAI,12,2012,33702598326.0208
1488,AZ,YAVAPAI,1,2013,352786543.25130004
1489,AZ,YAVAPAI,2,2013,14330106482.026049
1490,AZ,YAVAPAI,3,2013,18861180657.62406
1491,AZ,YAVAPAI,4,2013,20938311509.4624
1492,AZ,YAVAPAI,5,2013,19310252673.556297
1493,AZ,YAVAPAI,6,2013,18162353021.5211
1494,AZ,YAVAPAI,7,2013,22442385763.406548
1495,AZ,YAVAPAI,8,2013,23112920377.201336
1496,AZ,YAVAPAI,9,2013,19287182945.40115
1497,AZ,YAVAPAI,10,2013,45224360172.014626
1498,AZ,YAVAPAI,11,2013,29510505738.93126
1499,AZ,YAVAPAI,12,2013,35512032427.2504
1500,AZ,YAVAPAI,1,2014,269857299.45
1501,AZ,YAVAPAI,2,2014,17488484185.6809
1502,AZ,YAVAPAI,3,2014,18758692477.6596
1503,AZ,YAVAPAI,4,2014,18607911413.707687
1504,AZ,YAVAPAI,5,2014,19547870672.357376
1505,AZ,YAVAPAI,6,2014,18217895009.889977
1506,AZ,YAVAPAI,7,2014,21399161832.653736
1507,AZ,YAVAPAI,8,2014,18008070344.4345
1508,AZ,YAVAPAI,9,2014,18994023203.2944
1509,AZ,YAVAPAI,10,2014,32649271779.978523
1510,AZ,YAVAPAI,11,2014,22497822456.843597
1511,AZ,YAVAPAI,12,2014,31306548285.844097
1512,AZ,YUMA,1,2006,41306125.6
1513,AZ,YUMA,2,2006,1355144430.1325
1514,AZ,YUMA,3,2006,1990682492.9875002
1515,AZ,YUMA,4,2006,1203264129.6000001
1516,AZ,YUMA,5,2006,1350950739.25
1517,AZ,YUMA,6,2006,1092158889.8
1518,AZ,YUMA,7,2006,1235600480.0
1519,AZ,YUMA,8,2006,1340934287.100375
1520,AZ,YUMA,9,2006,1022957093.85
1521,AZ,YUMA,10,2006,2316521669.4
1522,AZ,YUMA,11,2006,2909385871.3985877
1523,AZ,YUMA,12,2006,2412962767.782725
1524,AZ,YUMA,1,2007,47870689.81
1525,AZ,YUMA,2,2007,1933866040.0887
1526,AZ,YUMA,3,2007,2077141580.287875
1527,AZ,YUMA,4,2007,1851649926.2073748
1528,AZ,YUMA,5,2007,1823499890.236375
1529,AZ,YUMA,6,2007,1386491212.7284
1530,AZ,YUMA,7,2007,1472724079.2323499
1531,AZ,YUMA,8,2007,1570827745.3042502
1532,AZ,YUMA,9,2007,1225866225.2081876
1533,AZ,YUMA,10,2007,3760451835.597263
1534,AZ,YUMA,11,2007,3568923485.0548377
1535,AZ,YUMA,12,2007,3074325237.552375
1536,AZ,YUMA,1,2008,62976462.225
1537,AZ,YUMA,2,2008,2133347860.46
1538,AZ,YUMA,3,2008,2367389916.8100004
1539,AZ,YUMA,4,2008,1967599381.317
1540,AZ,YUMA,5,2008,1737806188.4674997
1541,AZ,YUMA,6,2008,1651927667.5622876
1542,AZ,YUMA,7,2008,2106825069.3953252
1543,AZ,YUMA,8,2008,1843513564.0625
1544,AZ,YUMA,9,2008,2388379611.2541747
1545,AZ,YUMA,10,2008,4152839862.727913
1546,AZ,YUMA,11,2008,3568890601.692
1547,AZ,YUMA,12,2008,5022044852.622
1548,AZ,YUMA,1,2009,52924685.9974625
1549,AZ,YUMA,2,2009,2246549308.735875
1550,AZ,YUMA,3,2009,2987005403.5875006
1551,AZ,YUMA,4,2009,2662109663.5027494
1552,AZ,YUMA,5,2009,2555500881.585525
1553,AZ,YUMA,6,2009,2630689838.2040496
1554,AZ,YUMA,7,2009,2355247322.846625
1555,AZ,YUMA,8,2009,2069006935.05
1556,AZ,YUMA,9,2009,2359179629.575
1557,AZ,YUMA,10,2009,4825577335.8
1558,AZ,YUMA,11,2009,4423452099.4125
1559,AZ,YUMA,12,2009,5935463313.348375
1560,AZ,YUMA,1,2010,10248747.750000002
1561,AZ,YUMA,2,2010,2764429201.0187874
1562,AZ,YUMA,3,2010,3951541553.5406246
1563,AZ,YUMA,4,2010,3340367641.492875
1564,AZ,YUMA,5,2010,2634235967.6043754
1565,AZ,YUMA,6,2010,2786341286.2999997
1566,AZ,YUMA,7,2010,2330297799.5582504
1567,AZ,YUMA,8,2010,2572850190.0341625
1568,AZ,YUMA,9,2010,2684930576.7998123
1569,AZ,YUMA,10,2010,4079179147.7083874
1570,AZ,YUMA,11,2010,4703575279.193725
1571,AZ,YUMA,12,2010,5745278626.6535
1572,AZ,YUMA,1,2011,61721272.0
1573,AZ,YUMA,2,2011,3429190434.8975997
1574,AZ,YUMA,3,2011,4498118662.0456505
1575,AZ,YUMA,4,2011,3785651477.590125
1576,AZ,YUMA,5,2011,3473295786.916287
1577,AZ,YUMA,6,2011,3515108715.1575
1578,AZ,YUMA,7,2011,2871514150.106962
1579,AZ,YUMA,8,2011,3799747219.6066246
1580,AZ,YUMA,9,2011,3827615328.27
1581,AZ,YUMA,10,2011,6784161375.104424
1582,AZ,YUMA,11,2011,7668206770.504087
1583,AZ,YUMA,12,2011,8853086691.398224
1584,AZ,YUMA,1,2012,148598988.2775
1585,AZ,YUMA,2,2012,5001868455.8913
1586,AZ,YUMA,3,2012,5020299831.105
1587,AZ,YUMA,4,2012,4400389112.716887
1588,AZ,YUMA,5,2012,4771082396.4167
1589,AZ,YUMA,6,2012,4138335233.9057627
1590,AZ,YUMA,7,2012,4308862533.6033
1591,AZ,YUMA,8,2012,5073957126.657001
1592,AZ,YUMA,9,2012,4431976437.741037
1593,AZ,YUMA,10,2012,8737350705.885675
1594,AZ,YUMA,11,2012,10320180324.715801
1595,AZ,YUMA,12,2012,8336195312.200001
1596,AZ,YUMA,1,2013,61274824.037499994
1597,AZ,YUMA,2,2013,4131143191.7200003
1598,AZ,YUMA,3,2013,4933264524.465
1599,AZ,YUMA,4,2013,5090888112.302
1600,AZ,YUMA,5,2013,3843809522.8874993
1601,AZ,YUMA,6,2013,4451095573.524225
1602,AZ,YUMA,7,2013,5721114572.964263
1603,AZ,YUMA,8,2013,5089418607.1005745
1604,AZ,YUMA,9,2013,5145906266.014387
1605,AZ,YUMA,10,2013,12146575928.478338
1606,AZ,YUMA,11,2013,8557729610.4156
1607,AZ,YUMA,12,2013,10778045210.0958
1608,AZ,YUMA,1,2014,57538866.05
1609,AZ,YUMA,2,2014,4877696000.565
1610,AZ,YUMA,3,2014,5530264156.58915
1611,AZ,YUMA,4,2014,4798887314.561
1612,AZ,YUMA,5,2014,4487083128.77085
1613,AZ,YUMA,6,2014,4459204503.471212
1614,AZ,YUMA,7,2014,4561171418.447101
1615,AZ,YUMA,8,2014,4342781513.454038
1616,AZ,YUMA,9,2014,4310685868.32
1617,AZ,YUMA,10,2014,7909099311.568399
1618,AZ,YUMA,11,2014,5840838030.137288
1619,AZ,YUMA,12,2014,10557083218.638523
